Part No,Description,Rate,MRP,HSN,store,brand
100100750,S C COMPRESSOR - SC160,10790,14570,87083000,divya,Leypart
100100840,Sc 160 Water Cooled Compressor,17850,24100,87083000,divya,Leypart
100100871,HSWC S C COMPRESSOR - SC160,23090,31180,87083000,divya,Leypart
100100872,HSWC S C COMPRESSOR - SC160,23520,31760,87083000,divya,Leypart
100100873,HSWC S C COMPRESSOR - SC160,24180,32650,87083000,divya,Leypart
100100891,HSWC S C COMPRESSOR - SC160,23060,31140,87083000,divya,Leypart
100100893,HSWC SC COMPRESSOR SC 160,20300,27410,87083000,divya,Leypart
100100920,Single cylinder compressor,19570,26420,87083000,divya,Leypart
100100960,HS S C COMPRESSOR - SC160,10650,14380,87083000,divya,Leypart
100100961,HS S C COMPRESSOR - SC160,10650,14380,87083000,divya,Leypart
100100963,Compressor Sc 160,12400,16740,87083000,divya,Leypart
100100970,SC 230 COMPRESSOR,19780,26710,87083000,divya,Leypart
100101030,SINGLE CYLINDER COMPRESSOR(SCL-M101030P),20420,27570,87083000,divya,Leypart
100101080,COMPRESSOR (230cc water cooled PR),19350,26130,87083000,divya,Leypart
100101200,230cc Compressor,15540,20980,Not Found,divya,Leypart
100101220,TCL compressor 160 cc,11970,16160,87083000,divya,Leypart
100101221,TCL compressor 160 cc,12130,16380,87083000,divya,Leypart
100101270,Compressor (Side Mounted),18080,24410,87083000,divya,Leypart
100101360,160 cc Gear Driven Compressor,10380,14020,87083000,divya,Leypart
100101480,160cc air cooled compressor,16270,21970,87083000,divya,Leypart
100101590,COMPRESSOR (230cc water cooled PR),17390,23480,87083000,divya,Leypart
100101600,MNAL compressor - 230 CC,21190,28610,87083000,divya,Leypart
100101670,160 cc Compressor,15350,20730,87083000,divya,Leypart
100110960,REED VALVE ASSEMBLY,2890,3910,87089900,divya,Leypart
100110990,CONNECTING ROD ASSEMBLY,1400,1890,87083000,divya,Leypart
100111160,VALVE PLATE ASSEMBLY,3340,4510,87083000,divya,Leypart
100111210,CYLINDER HEAD ASSY. - 94 DIA,5690,7690,87083000,divya,Leypart
100111220,REED VALVE ASSEMBLY,3280,4430,87089900,divya,Leypart
100111230,REED VALVE ASSEMBLY,3260,4410,87089900,divya,Leypart
100111310,Cyl. Head Assly For 77Dia Comp,2830,3830,87083000,divya,Leypart
100111320,REED VALVE ASSEMBLY,4160,5620,87089900,divya,Leypart
100111360,CONNECTING ROD ASSEMBLY,1760,2380,87083000,divya,Leypart
100111390,Piston Assembly,2260,3060,87083000,divya,Leypart
100111400,CONNECTING ROD ASSEMBLY,1680,2270,87083000,divya,Leypart
100111410,VALVE PLATE ASSEMBLY,2650,3580,87083000,divya,Leypart
100111430,CONNECTING ROD ASSEMBLY,1410,1910,87083000,divya,Leypart
100111500,ASSY.CYL.HEAD(M111500)UNLOADER VALVE-SCL,4980,6730,87083000,divya,Leypart
100111520,Reed valve Assy,3080,4160,87083000,divya,Leypart
100111530,Cylinde head Assy,4520,6110,87083000,divya,Leypart
100111570,Compressor Head Assy,7720,10430,87083000,divya,Leypart
100111600,Valve Plate Assy,3210,4340,87083000,divya,Leypart
100111720,Cylinder Head of M101220,5580,7540,87083000,divya,Leypart
100111721,CYLINDER HEAD ASSEMBLY,5740,7750,87083000,divya,Leypart
100111790,REED VALVE ASSY - NLC,4130,5580,87089900,divya,Leypart
100111800,CYLINDER HEAD ASSY - NLC,7480,10100,87083000,divya,Leypart
100111840,Piston Assy,2200,2970,87083000,divya,Leypart
100112000,Compressor Head Assy,8520,11510,87083000,divya,Leypart
100133541,CONNECTING ROD,1010,1370,87083000,divya,Leypart
100133551,CRANKSHAFT,5310,7170,87083000,divya,Leypart
100133560,BASE COVER,130,180,87083000,divya,Leypart
100133651,CYLINDER BLOCK,7990,10790,87083000,divya,Leypart
100133661,CRANKSHAFT,4200,5670,87083000,divya,Leypart
100133691,CYLINDER HEAD,2290,3100,87083000,divya,Leypart
100134350,OIL SEAL,120,170,87083000,divya,Leypart
100134432,CRANKSHAFT,8800,11880,87083000,divya,Leypart
100134441,END COVER,1060,1440,87083000,divya,Leypart
100134581,CONNECTING ROD,1020,1380,87083000,divya,Leypart
100134603,CYLINDER HEAD,2830,3830,87083000,divya,Leypart
100135541,CYLINDER BLOCK,6200,8370,87083000,divya,Leypart
100135561,CRANKSHAFT,7570,10220,87083000,divya,Leypart
100135571,END COVER,1920,2600,87083000,divya,Leypart
100135572,End Cover - Machining,1660,2250,87083000,divya,Leypart
100135581,CONNECTING ROD,1600,2160,87083000,divya,Leypart
100135711,Crank Shaft - Machined,5820,7860,87083000,divya,Leypart
100135841,CRANKSHAFT,8320,11240,87083000,divya,Leypart
100135851,END COVER-SIDE MOUNTING,1170,1580,87083000,divya,Leypart
100135871,End Cover Assy No.M 101200,2410,3260,87083000,divya,Leypart
100135881,CONNECTING ROD,1880,2540,87083000,divya,Leypart
100135920,END COVER GASKET,60,90,87083000,divya,Leypart
100135962,Valve Plate,1070,1450,73251000,divya,Leypart
100135970,VALVE PLATE COVER,440,600,87083000,divya,Leypart
100136010,BAFFLE,50,70,Not Found,divya,Leypart
100136050,CYL HEAD COVER GASKET,90,130,84145990,divya,Leypart
100136611,CYLINDER HEAD (PDC),2410,3260,87083000,divya,Leypart
100136612,CYLINDER HEAD (PDC),2310,3120,87083000,divya,Leypart
100136751,CYLINDER HEAD,2300,3110,87083000,divya,Leypart
100136762,Cylinder Block (Machining),7070,9550,87083000,divya,Leypart
100136772,Crankshaft (Machining),3140,4240,87083000,divya,Leypart
100136778,Crank shaft  Machining,1030,1400,Not Found,divya,Leypart
100136781,Connecting Rod for M 101200,970,1310,87083000,divya,Leypart
100136810,GASKET,130,180,48239030,divya,Leypart
100136822,Rear End Cover - Machining,400,540,Not Found,divya,Leypart
100136831,End Cover (Machined),670,910,87083000,divya,Leypart
100136871,END COVER (CAST IRON),1890,2560,87083000,divya,Leypart
100136872,End Cover,1550,2100,87083000,divya,Leypart
100136951,CYLINDER HEAD,2750,3720,87083000,divya,Leypart
100136953,CYLINDER HEAD -MACHINING,1810,2450,87083000,divya,Leypart
100136971,Cylinder head Cover -PDC (Machining),1180,1600,87083000,divya,Leypart
100136972,Cylinder Head Cover,1240,1680,87083000,divya,Leypart
100139581,Cylinder Head Machining,2590,3500,87083000,divya,Leypart
100200740,Clutch servo,5280,7130,87089300,divya,Leypart
100200750,"Clutch Booster 4""",5660,7650,87089300,divya,Leypart
100200770,Clutch servo,5100,6890,87089300,divya,Leypart
100200810,3 inch Clutch Servo,6590,8900,87089300,divya,Leypart
100200940,"4"" Clutch Servo",5430,7340,87089300,divya,Leypart
100200950,SERVO BRAKE VALVE,6090,8230,87083000,divya,Leypart
100200980,Clutch servo,6020,8130,87089300,divya,Leypart
100201010,Clutch servo,6220,8400,87089300,divya,Leypart
100201020,3 inch Clutch Servo,5150,6960,87089300,divya,Leypart
100210620,Fork Assy,300,410,87083000,divya,Leypart
100232830,Pneumatic Body,2590,3500,87083000,divya,Leypart
100232870,Pneumatic Body,2670,3610,87083000,divya,Leypart
100232881,Hydraulic body (Machining),2050,2770,87083000,divya,Leypart
100250040,LOW PRESSURE INDICATOR SWITCH,450,610,85122010,divya,Leypart
100250050,AIR CYLINDER,1230,1670,87083000,divya,Leypart
100250051,AIR CYLINDER WITH MAGNETIC VALVE,3920,5300,87083000,divya,Leypart
100250052,AIR CYLINDER WITH MAGNETIC VALVE,3860,5220,87083000,divya,Leypart
100250053,AIR CYLINDER WITH MAGNETIC VALVE,3940,5320,87083000,divya,Leypart
100250054,AIR CYLINDER WITH MAGNETIC VALVE,3770,5090,87083000,divya,Leypart
100250150,STOP LIGHT SWITCH (M14),280,380,85122010,divya,Leypart
100250280,LOW PRESSURE INDICATOR SWITCH,380,520,85122010,divya,Leypart
100250450,Stop Light Switch,320,440,85122010,divya,Leypart
100250560,LPI SWITCH SIN.TERMINAL,360,490,85122010,divya,Leypart
100250640,Exhaust Brake Assembly,7800,10530,Not Found,divya,Leypart
100250650,Air Cylinder,2550,3450,87083000,divya,Leypart
100250681,EXHAUST BRAKE ASSEMBLY,6760,9130,87083000,divya,Leypart
100250810,AIR FILTER,740,1000,87083000,divya,Leypart
100250831,SPRING BRAKE ACTUATOR (TYPE 12/12),8210,11090,87083000,divya,Leypart
100250940,Spring Brake Actuator Ty 12/12,9680,13070,Not Found,divya,Leypart
100250950,SPRING BRAKE ACTUATOR (TYPE 12/12),9110,12300,87083000,divya,Leypart
100251340,Spring Brake Actuator(24/75),10320,13940,87083000,divya,Leypart
100251390,WEDGE BRAKE ACTUATOR,2100,2840,87083000,divya,Leypart
100251560,Spring Brake Actuator (16/24) voss,8830,11930,87083000,divya,Leypart
100251580,SPRING BRAKE ACTR (TYPE 24/75) P2C,8290,11200,87083000,divya,Leypart
100251590,Spring Brake Acutator,6610,8930,87083000,divya,Leypart
100251600,SPRING BRAKE ACTUATOR,8150,11010,87083000,divya,Leypart
100251800,SPRING BRAKE ACTUATOR (TYPE 24/75),12250,16540,87083000,divya,Leypart
100251810,SPRING BRAKE ACTUATOR (TYPE 24/75),14240,19230,87083000,divya,Leypart
100251820,SPRING BRAKE ACTUATOR (TYPE 24/75),13110,17700,87083000,divya,Leypart
100251830,SPRING BRAKE ACTUATOR (TYPE 24/75),13480,18200,87083000,divya,Leypart
100251990,Spring Brake Actuator (Type16/24),9420,12720,87083000,divya,Leypart
100252000,Spring Brake Actuator (Type16/24),9210,12440,87083000,divya,Leypart
100252090,Spring Brake Actuator(20/75),12190,16460,Not Found,divya,Leypart
100252100,SPRING BRAKE ACTR (TYPE 24/75) LH,13080,17660,87083000,divya,Leypart
100252110,SPRING BRAKE ACTR (TYPE 24/75) RH,13720,18530,87083000,divya,Leypart
100252150,Air Cylinder with 12 V Mag Valve,4030,5450,87083000,divya,Leypart
100252151,Air Cylinder With Magnetic Val,4080,5510,87083000,divya,Leypart
100252190,SPRING BRAKE ACTUATOR,9560,12910,87083000,divya,Leypart
100252660,Spring Brake Actuator Type 24/24 RH,8380,11320,87083000,divya,Leypart
100252670,Spring Brake Actuator Type 24/24 RH,8630,11660,87083000,divya,Leypart
100252680,Spring Brake Actuator(24/75),8990,12140,87083000,divya,Leypart
100252850,Spring Brake Actuator(24/75),10370,14000,87083000,divya,Leypart
100252860,Spring Brake Actuator(24/75),10370,14000,87083000,divya,Leypart
100252880,LOW PRESSURE INDICATOR SWITCH,420,570,85122010,divya,Leypart
100260640,RAM ASSEMBLY,2250,3040,87083000,divya,Leypart
100260712,cylinder Assy (Powder coated),1810,2450,87083000,divya,Leypart
100260720,Ram Assembly,2230,3020,Not Found,divya,Leypart
100261210,Push Road Assy,560,760,87083000,divya,Leypart
100261220,Non Pressure Plate Assy,1450,1960,87083000,divya,Leypart
100261250,Wind off Rod Assembly,380,520,Not Found,divya,Leypart
100261270,Fork Assembly,220,300,Not Found,divya,Leypart
100261290,Spring Brake Actuator Type 24 - Ram Assy,1470,1990,87083000,divya,Leypart
100261300,Non Pr Plate Assy,1450,1960,87083000,divya,Leypart
100261301,Non - Pressure plate assembly,910,1230,87083000,divya,Leypart
100261610,RAM ASSEMBLY,2360,3190,87083000,divya,Leypart
100273070,SPRING,60,90,87083000,divya,Leypart
100273371,FLANGE,2400,3240,87083000,divya,Leypart
100273410,WIND OFF ROD,480,650,87083000,divya,Leypart
100273420,SLOTTED NUT,80,110,87083000,divya,Leypart
100273430,STEM PLUG,220,300,87083000,divya,Leypart
100273480,HEAVY COIL SPRING,2230,3020,87083000,divya,Leypart
100273550,HEAVY COIL SPRING,1840,2490,87083000,divya,Leypart
100273680,STEM PLUG,140,190,87083000,divya,Leypart
100274140,SPRING,220,300,87083000,divya,Leypart
100275020,Integral seal,80,110,40169330,divya,Leypart
100275030,Dust Seal,70,100,87083000,divya,Leypart
100275040,Gaiter,80,110,Not Found,divya,Leypart
100275060,CLAMP RING,400,540,87083000,divya,Leypart
100275140,Spring Brake Actuator Type 24 - Stem Plug,190,260,87083000,divya,Leypart
100275371,FLANGE TYPE 20/24 RH - SBA (PDC VERSION),2490,3370,87083000,divya,Leypart
100275381,FLANGE TYPE 20/24 RH - SBA (PDC VERSION),2450,3310,87083000,divya,Leypart
100275561,FLANGE,2700,3650,87083000,divya,Leypart
100300630,LIMITING & QUICK RELEASE VALVE,4420,5970,87169010,divya,Leypart
100300840,INVERSION VALVE,4440,6000,87083000,divya,Leypart
100300970,FOOT CONTROL VALVE,1830,2480,87083000,divya,Leypart
100301910,UNLOADER VALVE WITH TI,2000,2700,87083000,divya,Leypart
100301920,UNLOADER VALVE WITH TI,2000,2700,87083000,divya,Leypart
100301930,UNLOADER VALVE WITH TI,2000,2700,87083000,divya,Leypart
100301940,UNLOADER VALVE WITH TI,2000,2700,87083000,divya,Leypart
100301950,UNLOADER VALVE WITH TI,2000,2700,87083000,divya,Leypart
100301970,UNLOADER VALVE WITH TI,1970,2660,87083000,divya,Leypart
100301980,UNLOADER VALVE WITH TI,1970,2660,87083000,divya,Leypart
100302060,NON RETURN VALVE,580,790,87083000,divya,Leypart
100302280,DOUBLE CHECK VALVE,1280,1730,87083000,divya,Leypart
100302300,UNLOADER VALVE WITH TI,2000,2700,87083000,divya,Leypart
100302310,UNLOADER VALVE WITH TI,2000,2700,87083000,divya,Leypart
100302600,RE6 RELAY EMERGENCY VALVE,4180,5650,87083000,divya,Leypart
100302610,RE6 Relay Emergency Valve,3710,5010,Not Found,divya,Leypart
100302640,MAGNETIC VALVE,2670,3610,87083000,divya,Leypart
100302830,DRAIN VALVE,150,210,84818030,divya,Leypart
100302860,GRADUATED HAND CONTROL VALVE,1610,2180,87083000,divya,Leypart
100302870,GRADUATED HAND CONTROL VALVE,1660,2250,87083000,divya,Leypart
100302880,GRADUATED HAND CONTROL VALVE,1990,2690,87083000,divya,Leypart
100302890,GRADUATED HAND CONTROL VALVE,1800,2430,87083000,divya,Leypart
100302910,QUADRUPLE SYSTEM PROTECTION VALVE,3810,5150,87083000,divya,Leypart
100302911,QUADRUPLE SYSTEM PROTECTION VALVE,3970,5360,87083000,divya,Leypart
100302912,Q.S.P. Valve (New),4140,5590,Not Found,divya,Leypart
100302920,QUADRUPLE SYSTEM PROTECTION VALVE,4130,5580,87083000,divya,Leypart
100302921,Q.S.P. Valve (New),4250,5740,Not Found,divya,Leypart
100302930,RE 6 RELAY EMERGENCY VALVE,4270,5770,87083000,divya,Leypart
100302970,RELAY VALVE,2540,3430,87083000,divya,Leypart
100302990,GRADUATED HANDCONTROL VALVE,4180,5650,87083000,divya,Leypart
100303020,RELAY VALVE,3380,4570,87083000,divya,Leypart
100303140,MAGNETIC VALVE,2920,3950,87083000,divya,Leypart
100303141,MAGNETIC VALVE,3240,4380,87083000,divya,Leypart
100303150,MAGNETIC VALVE,3550,4800,87083000,divya,Leypart
100303151,MAGNETIC VALVE,2680,3620,87083000,divya,Leypart
100303330,RELAY AND INVERSION VALVE,4780,6460,87083000,divya,Leypart
100303440,Qsp Valve (New)(Al),4520,6110,Not Found,divya,Leypart
100303470,AIR DRYER,11850,16000,87083000,divya,Leypart
100303472,AIR DRYER,14800,19980,87083000,divya,Leypart
100303480,MAGNETIC VALVE WITH BRACKET 24V,1510,2040,87083000,divya,Leypart
100303481,MAGNETIC VALVE,1680,2270,87083000,divya,Leypart
100303510,AIR DRYER,11090,14980,87083000,divya,Leypart
100303512,AIR DRYER,10900,14720,87083000,divya,Leypart
100303550,LOAD SENSING VALVE,14920,20150,87083000,divya,Leypart
100303630,GRADUATED HAND CONTROL VALVE,1820,2460,87083000,divya,Leypart
100303640,GRADUATED HAND CONTROL VALVE,2050,2770,87083000,divya,Leypart
100303650,G.H.C. VALVE WITH LPI SWITCH,2070,2800,87083000,divya,Leypart
100303660,G.H.C. VALVE WITH LPI SWITCH,2380,3220,87083000,divya,Leypart
100303670,GRADUATED HAND CONTROL VALVE,2710,3660,87083000,divya,Leypart
100303690,GRADUATED HAND CONTROL VALVE,3460,4680,87083000,divya,Leypart
100303710,GRADUATED HAND CONTROL VALVE,3550,4800,87083000,divya,Leypart
100303751,GRADUATED HAND CONTROL VALVE,2350,3180,87083000,divya,Leypart
100303760,Quadruple System Protection Va,4400,5940,Not Found,divya,Leypart
100304112,DRYING AND DISTRIBUTION UNIT,13810,18650,87083000,divya,Leypart
100304116,DRYING AND DISTRIBUTION UNIT,14170,19130,87083000,divya,Leypart
100304150,Pressure Protection Valve,890,1210,87083000,divya,Leypart
100304202,Pressure Test Connector,120,170,Not Found,divya,Leypart
100304280,Automatic Load Sensing Valve,15010,20270,87083000,divya,Leypart
100304300,AUTOMATIC LOAD SENSING VALVE,14200,19170,87083000,divya,Leypart
100304500,QUICK RELEASE VALVE,920,1250,87083000,divya,Leypart
100304501,QUICK RELEASE VALVE,760,1030,87083000,divya,Leypart
100304530,MAGNETIC VALVE,1040,1410,87083000,divya,Leypart
100304540,Automatic Load Sensing Valve,15070,20350,Not Found,divya,Leypart
100304720,R14 RELAY VALVE,4400,5940,87083000,divya,Leypart
100304730,Air Dryer,7610,10280,87083000,divya,Leypart
100304770,Turbo Check Valve,8330,11250,87083000,divya,Leypart
100304780,OIL SEPARATOR,5950,8040,87083000,divya,Leypart
100304790,GHCV with LP switch and Fittings ( S typ,4300,5810,Not Found,divya,Leypart
100304880,DRYING AND DISTRIBUTION UNIT,13900,18770,87083000,divya,Leypart
100304881,DRYING AND DISTRIBUTION UNIT,13180,17800,87083000,divya,Leypart
100304920,QUICK RELEASE VALVE WITH P2C,1420,1920,87083000,divya,Leypart
100304941,DRYING AND DISTRIBUTION UNIT WITH P2C,11780,15910,87083000,divya,Leypart
100304943,DRYING & DISTRIBUTION UNIT,12820,17310,87083000,divya,Leypart
100304950,GRADUATED HAND CONTROL VALVE,2130,2880,87083000,divya,Leypart
100304960,G H CONTROL VALVE,2180,2950,87083000,divya,Leypart
100304980,GRADUATED HAND CONTROL VALVE,2330,3150,87083000,divya,Leypart
100305140,RG2 Relay Valve,2520,3410,87083000,divya,Leypart
100305160,GRADUATED HAND CONTROL VALVE,2520,3410,87083000,divya,Leypart
100305201,DRYING AND DISTRIBUTION UNIT,12940,17470,87083000,divya,Leypart
100305440,DDU-Higher Pr(VOSS),15520,20960,87083000,divya,Leypart
100305441,DRYING AND DISTRIBUTION UNIT,14610,19730,87083000,divya,Leypart
100305444,Drying&Distribution Unit-Higher Pr(VOSS),14880,20090,87083000,divya,Leypart
100305540,QUICK RELEASE VALVE,1750,2370,87083000,divya,Leypart
100305552,DRYING AND DISTRIBUTION UNIT,12890,17410,87083000,divya,Leypart
100305840,RG 2 VALVE WITH SILENCER & P2C,2580,3490,87083000,divya,Leypart
100305860,Q.S.P.V (New),4570,6170,87083000,divya,Leypart
100305870,AIR DRYER (VOSS),11810,15950,87083000,divya,Leypart
100305930,DRYING AND DISTRIBUTION UNIT,11780,15910,87083000,divya,Leypart
100305940,GRADUATED HAND CONTROL VALVE,2090,2830,87083000,divya,Leypart
100305970,Magnetic Valve - 12V,2210,2990,87083000,divya,Leypart
100305971,Magnetic Valve (24V),2040,2760,87083000,divya,Leypart
100306000,AUTO LOAD SENSING VALVE,10180,13750,87083000,divya,Leypart
100306010,AUTO.LOAD SENSING VALVE FOR VOSS-SCL(LP),12680,17120,87083000,divya,Leypart
100306020,AUTO LOAD SENSING VALVE,15160,20470,87083000,divya,Leypart
100306080,R12 Relay Valve (Horizondtal Version),4010,5420,87083000,divya,Leypart
100306090,R14 Relay Valve (Vertical),4610,6230,87083000,divya,Leypart
100306100,NON RETURN VALVE,1470,1990,87083000,divya,Leypart
100306160,MAGNETIC VALVE,2680,3620,87083000,divya,Leypart
100306200,AUTOMATIC LOAD SENDING VALVE,10590,14300,87083000,divya,Leypart
100306250,DDU,12730,17190,Not Found,divya,Leypart
100306430,Quick Relase Valve,1290,1750,87083000,divya,Leypart
100306470,Pressure Reducer Valve,2220,3000,87083000,divya,Leypart
100306680,Air Processing Unit,31250,42190,87083000,divya,Leypart
100306710,AUTOMATIC LOAD SENSING VALVE,14650,19780,87083000,divya,Leypart
100306750,Q.S.P.Valve,4010,5420,84818090,divya,Leypart
100306800,AUTOMATIC LOAD SENSING VALVE,13630,18410,87083000,divya,Leypart
100306830,DRYING AND DISTRIBUTION UNIT,12240,16530,87083000,divya,Leypart
100306840,Relay Valve,2560,3460,Not Found,divya,Leypart
100306860,Graduated Handcontrol Valve,2180,2950,87083000,divya,Leypart
100306900,AIR DRYER,10210,13790,87083000,divya,Leypart
100306910,AIR DRYER,10830,14630,87083000,divya,Leypart
100306950,NON RETURN VALVE,1280,1730,87083000,divya,Leypart
100307090,QUADRUPLE SYSTEM PROTECTION VALVE,4130,5580,87083000,divya,Leypart
100307120,AIR DRYER,11280,15230,87083000,divya,Leypart
100307140,Drying&Distribution Unit,10540,14230,87083000,divya,Leypart
100307141,Drying&Distribution Unit,12860,17370,87083000,divya,Leypart
100307180,Inversion Relay Valve,5080,6860,87083000,divya,Leypart
100307220,R14 RELAY VALVE,4400,5940,87083000,divya,Leypart
100307490,Quick Relase Valve,1370,1850,87083000,divya,Leypart
100307510,DDU,14100,19040,87083000,divya,Leypart
100307550,Q.S.P.Valve,3950,5340,87083000,divya,Leypart
100307560,AIR DRYER,10400,14040,87083000,divya,Leypart
100307590,RG2 RELAY VALVE,2350,3180,87083000,divya,Leypart
100307600,AUTOMATIC LOAD SENSING VALVE,10250,13840,87083000,divya,Leypart
100307610,AIR DRYER,5580,7540,87083000,divya,Leypart
100307620,QSPV,4440,6000,87083000,divya,Leypart
100307640,AUTOMATIC LOAD SENSING VALVE,6610,8930,87083000,divya,Leypart
100307670,Qudruble system protection valve,3530,4770,87083000,divya,Leypart
100307690,Pressure Reducer Valve,2060,2790,87083000,divya,Leypart
100307700,Pressure Reducer Valve,2040,2760,Not Found,divya,Leypart
100307880,Pressure Reducer Valve(6 Bar Metric),2010,2720,87083000,divya,Leypart
100307890,Pressure Reducer Valve(7.5 Bar Metric),1760,2380,Not Found,divya,Leypart
100308040,GRADUATED HANDCONTROL VALVE,2100,2840,87083000,divya,Leypart
100308050,R12 Relay Valve,3270,4420,87083000,divya,Leypart
100308110,QUADRUPLE SYSTEM PROTECTION VALVE,3770,5090,87083000,divya,Leypart
100308170,AIR DRYER,10350,13980,87083000,divya,Leypart
100308370,Air Dryer,10670,14410,Not Found,divya,Leypart
100308500,AIR DRYER,9920,13400,87083000,divya,Leypart
100310870,DIAPHRAGM ASSEMBLY,460,630,87083000,divya,Leypart
100311240,UNLOADER PLUNGER ASSEMBLY,410,560,87083000,divya,Leypart
100311370,DESICCANT CARTRIDGE,5350,7230,87083000,divya,Leypart
100311480,SILENCER ASSEMBLY,430,590,87083000,divya,Leypart
100311510,UNLOADER PLUNGER ASSEMBLY,480,650,87083000,divya,Leypart
100311580,Tyre Inflator Assy-Air Dryer,680,920,Not Found,divya,Leypart
100311600,Qspv Diaphragm,160,220,40169990,divya,Leypart
100311690,Purge Tank (AL),5770,7790,87083000,divya,Leypart
100311700,DESICCANT CARTRIDGE,4880,6590,87083000,divya,Leypart
100311730,UNLOADER PLUNGER ASSEMBLY,430,590,87083000,divya,Leypart
100311970,DIAPHRAGM,520,710,87083000,divya,Leypart
100312100,SILENCER ASSEMBLY,470,640,87083000,divya,Leypart
100312160,PURGE TANK ASSYTHREE HOLES,3810,5150,87083000,divya,Leypart
100312230,RG 2 SILENCER ASSY,150,210,87083000,divya,Leypart
100312240,Purge Tank (TML),5680,7670,87083000,divya,Leypart
100312720,Silencer Assy,140,190,87083000,divya,Leypart
100334791,TOP COVER,160,220,87083000,divya,Leypart
100334910,GOVERNOR PLUNGER,220,300,87089900,divya,Leypart
100334930,COMPRESSION SPRING,70,100,87083000,divya,Leypart
100334990,SPRING GUIDE,30,50,87089900,divya,Leypart
100335000,ADJUSTMENT SCREW,40,60,87083000,divya,Leypart
100335050,Adaptor-Combined Unit,250,340,87083000,divya,Leypart
100336700,VALVE SEAT,150,210,87083000,divya,Leypart
100336710,PLUNGER,190,260,87089900,divya,Leypart
100336720,PLUNGER,120,170,87083000,divya,Leypart
100336760,TOP COVER,270,370,87083000,divya,Leypart
100336770,PIVOT,80,110,87083000,divya,Leypart
100336892,Valve Body(Machined)-Qspv/New,1250,1690,Not Found,divya,Leypart
100336930,COMPRESSION SPRING,30,50,87083000,divya,Leypart
100336940,SPRING GUIDE,40,60,87083000,divya,Leypart
100336950,PRESSURE SETTING SCREW,30,50,87089900,divya,Leypart
100336961,TOP COVER,650,880,87083000,divya,Leypart
100337520,Filter Retainer/Air Dryer,280,380,Not Found,divya,Leypart
100337620,Spring/Air Dryer,320,440,Not Found,divya,Leypart
100338040,Valve Guide And Spring Retainer,20,30,87083000,divya,Leypart
100338080,HOUSING,1150,1560,87083000,divya,Leypart
100339430,SPRING,50,70,87083000,divya,Leypart
100339460,SPRING GUIDE,40,60,87089900,divya,Leypart
100339471,DDU TOP COVER,740,1000,87089900,divya,Leypart
100339480,DDU BODY,600,810,87083000,divya,Leypart
100339630,Inlet Adaptor - GHCV,150,210,87089900,divya,Leypart
100340490,PISTON,190,260,87083000,divya,Leypart
100341034,Body - DDU,4620,6240,Not Found,divya,Leypart
100341180,Governor Valve Body,150,210,87083000,divya,Leypart
100341250,FILTER RETAINER,40,60,87083000,divya,Leypart
100341490,TOP COVER,230,320,87083000,divya,Leypart
100341810,VALVE SEAT,150,210,87083000,divya,Leypart
100342210,‘O’ RING RETAINER,50,70,87083000,divya,Leypart
100342630,SPRING,150,210,87083000,divya,Leypart
100343130,Cartridge Retainer,90,130,87083000,divya,Leypart
100343250,BAFFLE,240,330,87083000,divya,Leypart
100343880,INLET ADAPTOR,230,320,Not Found,divya,Leypart
100344150,KNOB,110,150,87083000,divya,Leypart
100344160,SLEEVE,90,130,87083000,divya,Leypart
100344170,LEVER,80,110,87083000,divya,Leypart
100345670,Pressur setting Screw,50,70,87083000,divya,Leypart
100346952,BODY (DDU),5720,7730,87083000,divya,Leypart
100346954,BODY (DDU) - Machined,5530,7470,87083000,divya,Leypart
100347851,Body (Machining),5400,7290,87083000,divya,Leypart
100400440,RESERVOIR (25 LITRES),3970,5360,87083000,divya,Leypart
100400490,Reservoir 10 Litres,3200,4320,87083000,divya,Leypart
100400510,RESERVOIR (15 LITRES),3560,4810,87083000,divya,Leypart
100400570,RESERVOIR 15 LITRES,3220,4350,87083000,divya,Leypart
100400580,RESERVOIR (25 LITRES) WITH LPS,3730,5040,87083000,divya,Leypart
100400630,RESERVOIR (15 LITRES),3500,4730,87083000,divya,Leypart
100400640,Reservoir (10 Litres),2700,3650,87083000,divya,Leypart
100400700,RESERVOIR (5 LITRES),1840,2490,87083000,divya,Leypart
100400740,RESERVOIR WITH MOUNTING BRACKET,1980,2680,87083000,divya,Leypart
100400950,RESERVOIR (25 LITRES)-WITH LPS,2640,3570,87083000,divya,Leypart
100400960,Reservoir - 30Ltrs Voss,4070,5500,87083000,divya,Leypart
100401040,RESERVOIR 15L-VOSS,2670,3610,87083000,divya,Leypart
100401050,Reservoir-25lt voss,4790,6470,87083000,divya,Leypart
100401060,RESERVOIR WITH MOUNTING BRACKET,1140,1540,87083000,divya,Leypart
100410820,(10Ltr) Shell & End Cover Assy,2600,3510,Not Found,divya,Leypart
100411271,Shell & End Cover Assembly 10 Litres,1250,1690,Not Found,divya,Leypart
100450010,VACUUM BRAKE VALVE,9800,13230,87083000,divya,Leypart
100450030,VACUUM BRAKE VALVE,12086,16195,87083000,divya,Leypart
100450080,VACUUM BRAKE VALVE,5370,7250,87083000,divya,Leypart
100450130,VACUUM BRAKE VALVE,4800,6480,87083000,divya,Leypart
100450210,VACUUM BRAKE VALVE,6170,8330,87083000,divya,Leypart
100450230,VACUUM BRAKE VALVE,8210,11090,87083000,divya,Leypart
100450341,EXHAUST BRAKE ASSEMBLY,5640,7620,87083000,divya,Leypart
100450350,DOUBLE DIAPHRAGM VAC. BRAKE VALVE,10760,14530,87083000,divya,Leypart
100450390,VACUUM CYLINDER,1700,2300,87083000,divya,Leypart
100450400,VACUUM CYLINDER,1580,2140,87083000,divya,Leypart
100450480,10 Vacuum Brake Valve,5270,7120,87083000,divya,Leypart
100450481,VACUUM BRAKE VALVE,5830,7880,87083000,divya,Leypart
100450501,VACUUM BRAKE VALVE (DOUBLE DIAPHRAGM),11340,15310,87083000,divya,Leypart
100450550,"VACUUM BRAKE VALVE (9""+ 9"")",11030,14900,87083000,divya,Leypart
100450571,VACUUM BRAKE VALVE (DOUBLE DIAPHRAGM),10660,14400,87083000,divya,Leypart
100450610,VACUUM BRAKE VALVE,11350,15330,87083000,divya,Leypart
100450611,VACUUM BRAKE VALVE (DOUBLE DIAPHRAGM),10240,13830,87083000,divya,Leypart
100450620,VACUUM BRAKE VALVE,11710,15810,87083000,divya,Leypart
100450621,VACUUM BRAKE VALVE (DOUBLE DIAPHRAGM),10240,13830,87083000,divya,Leypart
100450680,Vacuum Brake Valve Dd 9+9,10540,14230,87083000,divya,Leypart
100450820,DDVBV,14410,19460,87083000,divya,Leypart
100450840,ZDS DDVBV 9+8,14240,19230,87083000,divya,Leypart
100450850,Vacuum Brake Valve Dd 9+9,12100,16340,87083000,divya,Leypart
100450900,"ZDS VBV 10""",5640,7620,87083000,divya,Leypart
100460060,NON RETURN VALVE ASSEMBLY,380,520,87083000,divya,Leypart
100460070,Operating Rod Piston Assy,1140,1540,Not Found,divya,Leypart
100460210,NON RETURN VALVE ASSEMBLY,380,520,87083000,divya,Leypart
100461210,OPERATING ROD SUB ASSEMBLY,690,940,87083000,divya,Leypart
100470130,DIAPHRAGM,460,630,40169990,divya,Leypart
100470160,Segment Retainer,90,130,87083000,divya,Leypart
100470230,LIP SEAL,150,210,87083000,divya,Leypart
100470310,RUBBER GROMMET,120,170,87083000,divya,Leypart
100470390,DIAPHRAGM,730,990,40169990,divya,Leypart
100470410,SEAL,480,650,87083000,divya,Leypart
100470440,Diaphragm Disc,440,600,87083000,divya,Leypart
100470540,Seal Support,20,30,87083000,divya,Leypart
100471390,Bush,130,180,87083000,divya,Leypart
100471980,DIAPHRAGM,640,870,40169990,divya,Leypart
100472500,Retainer,100,140,87083000,divya,Leypart
100472510,Retainer,100,140,87083000,divya,Leypart
100473640,DIAPHRAGM,530,720,40169990,divya,Leypart
100473650,DIAPHRAGM,510,690,40169990,divya,Leypart
100473910,DIAPHRAGM,480,650,40169990,divya,Leypart
100473950,DIAPHRAGM,470,640,40169990,divya,Leypart
100475270,DIAPHRAGM,470,640,40169990,divya,Leypart
100500010,SPRING BRAKE CHAMBER,9490,12820,87083000,divya,Leypart
100500180,AIR CYLINDER (150 DIA.),5750,7770,87083000,divya,Leypart
100500210,AIR CYLINDER (150 DIA.),5050,6820,87083000,divya,Leypart
100500220,AIR CYLINDER (150 DIA.),5050,6820,87083000,divya,Leypart
100500290,AIR CYL.WITH WARN.SWITCH,6590,8900,87083000,divya,Leypart
100500300,AIR CYL.WITH WARN.SWITCH,6730,9090,87083000,divya,Leypart
100590171,Sensor Bracket(F) Machining,450,610,87083000,divya,Leypart
100590240,Sensor Bracket,460,630,87169010,divya,Leypart
100592001,Pole Wheel Front,1690,2290,87083000,divya,Leypart
100592054,Polewheel,1510,2040,87169010,divya,Leypart
100592099,Sensor Bracket-Rear Tel 3015Ex,450,610,Not Found,divya,Leypart
100592102,Pole Wheel Rear - Telco 1512,2630,3560,87083000,divya,Leypart
100592118,Polewheel,2710,3660,87083000,divya,Leypart
100592120,Polewheel,3450,4660,Not Found,divya,Leypart
100592129,T - Connr. M18Xm22Xm18 - Tata,1170,1580,Not Found,divya,Leypart
100592220,Polewheel - Rear,1340,1810,87083000,divya,Leypart
100592280,Sensor Bush(Wabco Pt No:8997598154),250,340,87083000,divya,Leypart
100592330,Sensor Grommet - Rear,160,220,87083000,divya,Leypart
100592460,Enclosure for ECU,2140,2890,Not Found,divya,Leypart
100592580,"ECU -24V,(WABCO PT NO:4460046220)",29410,39710,87083000,divya,Leypart
100592730,Modulator Valve - 12 V,5040,6810,87083000,divya,Leypart
100592790,MODULATOR VALVE 12V voss,4750,6420,87083000,divya,Leypart
100592800,Modulator Valve 24 V,8430,11390,87083000,divya,Leypart
100592810,12 V Modulator Valve VOSS+Metric,5200,7020,87083000,divya,Leypart
100592820,Modulator Valve with Fittings-24 V,5380,7270,87083000,divya,Leypart
100592930,Modulator Valve - 24V,4700,6350,87083000,divya,Leypart
100592940,Solenoid Modulator Valve with End fittin,5280,7130,Not Found,divya,Leypart
100593080,Frame Harness-AL,18970,25610,Not Found,divya,Leypart
100593090,Frame Harness-AL,20750,28020,87083000,divya,Leypart
100593110,Cab Harness,6140,8290,85443000,divya,Leypart
100593120,Cab Harness,5030,6800,85443000,divya,Leypart
100593130,Cab Harness,5160,6970,85444999,divya,Leypart
100594070,Modularor Valve MFTL( 472 195 016 0),6610,8930,87083000,divya,Leypart
100594080,Mod.Valve(Wabco Pt No.4721950560),12970,17510,Not Found,divya,Leypart
100594330,Wiring Harness - Cab Harness,6110,8250,85443000,divya,Leypart
100594440,ABS Fr.wiring Harness,12480,16850,85443000,divya,Leypart
100595170,Modulator Valve - Voss,5610,7580,87083000,divya,Leypart
100595180,Modulator Valve with Fittings-24 V,5710,7710,87083000,divya,Leypart
100595201,Pole wheel,2270,3070,87083000,divya,Leypart
100595870,MODULATOR VALVE WITH FITTINGS,3440,4650,87083000,divya,Leypart
100597810,Solenoid Modulator Valve,4070,5500,87083000,divya,Leypart
100597930,Wiring Harness,17030,23000,Not Found,divya,Leypart
100597960,Pole Wheel (Front),2260,3060,87083000,divya,Leypart
100597990,"Pole Wheel (front) (ID 102 mm, OD- 160mm",2860,3870,Not Found,divya,Leypart
100600040,TRAILER CONTROL VALVE,21910,29580,87083000,divya,Leypart
100600120,BRAKE VALVE ASSEMBLY,6610,8930,87083000,divya,Leypart
100600180,Dual Brake Valve,17820,24060,Not Found,divya,Leypart
100600190,DUAL BRAKE VALVE,19780,26710,87083000,divya,Leypart
100600331,DUAL BRAKE VALVE (WITH FILTER),5640,7620,87083000,divya,Leypart
100600351,DUAL BRAKE VALVE (WITH FILTER),8310,11220,87083000,divya,Leypart
100600561,DUAL BRAKE VALVE (WITH FILTER),8490,11470,87083000,divya,Leypart
100600571,DUAL BRAKE VALVE,6610,8930,87083000,divya,Leypart
100600581,DUAL BRAKE VALVE (WITH FILTER),6900,9320,87083000,divya,Leypart
100600591,DUAL BRAKE VALVE,7000,9450,87083000,divya,Leypart
100600600,DUAL BRAKE VALVE (REDUCED BIAS),7350,9930,87083000,divya,Leypart
100600641,DUAL BRAKE VALVE (WITH FILTER),7830,10580,87083000,divya,Leypart
100600660,Brake Valve Assy,5510,7440,87083000,divya,Leypart
100600681,DUAL BRAKE VALVE,8170,11030,87083000,divya,Leypart
100600691,DUAL BRAKE VALVE WITH FITTINGS,7540,10180,87083000,divya,Leypart
100600750,Dual Brake Valve,8670,11710,Not Found,divya,Leypart
100600780,Dual Brake Valve (Telco),5100,6890,87083000,divya,Leypart
100600781,DUAL BRAKE VALVE,5970,8060,87083000,divya,Leypart
100600800,DUAL BRAKE VALVE,8540,11530,87083000,divya,Leypart
100600900,DUAL BRAKE VALVE WITH P2C,6260,8460,87083000,divya,Leypart
100600910,DUAL BRAKE VALVE,6300,8510,87083000,divya,Leypart
100600920,DUAL BRAKE VALVE WITH SILENCER,8450,11410,87083000,divya,Leypart
100600960,Dual Brake Valve,8730,11790,87083000,divya,Leypart
100600990,DUAL BRAKE VALVE,6590,8900,87083000,divya,Leypart
100601000,Dual Brake Valve with Filter,6020,8130,87083000,divya,Leypart
100601010,DUAL BRAKE VALVE - REDUCED BIAS,6750,9120,87083000,divya,Leypart
100601020,DUAL BRAKE VALVE - REDUCED BIAS,7000,9450,87083000,divya,Leypart
100601050,DUAL BRAKE VALVE (REDUCED BIAS),6640,8970,87083000,divya,Leypart
100601070,DUAL BRAKE VALVE (REDUCED BIAS),6480,8750,87083000,divya,Leypart
100601120,TRAILER CONTROL VALVE,19430,26240,87083000,divya,Leypart
100601130,Dual Brake Valve with treadle (VOSS),5780,7810,87083000,divya,Leypart
100601150,Dual Br Valve(Reduced Bias)-Al,7070,9550,87083000,divya,Leypart
100601180,TRAILER CONTROL VALVE,18530,25020,87083000,divya,Leypart
100601220,DUAL BRAKE VALVE,5960,8050,87083000,divya,Leypart
100601240,DUAL BRAKE VALVE,7220,9750,87083000,divya,Leypart
100601360,Dual Brake Valve - Voss VECL,8760,11830,87083000,divya,Leypart
100601370,TRAILER CONTROL VALVE,20730,27990,87083000,divya,Leypart
100601380,TRAILER CONTROL VALVE,16210,21890,87083000,divya,Leypart
100601420,Dual Brake Valve with treadle,6700,9050,87083000,divya,Leypart
100601430,Dual Brake Valve - Voss VECL,7590,10250,87083000,divya,Leypart
100601440,DUAL BRAKE VALVE,5460,7380,87083000,divya,Leypart
100601450,Dual Brake Valve with treadle (VOSS),8300,11210,87083000,divya,Leypart
100601530,TRAILER CONTROL VALVE,15550,21000,87083000,divya,Leypart
100601660,DUAL BRAKE VALVE,8280,11180,87083000,divya,Leypart
100601670,DUAL BRAKE VALVE,5660,7650,87083000,divya,Leypart
100610190,Mounting Plate Sub Assy,1650,2230,Not Found,divya,Leypart
100610220,VENTING GUIDE ASSEMBLY,300,410,87083000,divya,Leypart
100610320,PISTON ASSEMBLY,700,950,87083000,divya,Leypart
100630110,INTERNAL CIRCLIP,50,70,87083000,divya,Leypart
100630122,PISTON,2130,2880,87083000,divya,Leypart
100630162,PISTON,1260,1710,87083000,divya,Leypart
100630190,STEM,270,370,87083000,divya,Leypart
100630200,INTERNAL CIRCLIP,130,180,87083000,divya,Leypart
100630230,SPRING,110,150,73201011,divya,Leypart
100630240,SPACER,50,70,87083000,divya,Leypart
100630250,Boot,20,30,40169990,divya,Leypart
100630260,INTERNAL CIRCLIP,150,210,73182910,divya,Leypart
100630380,M8X1.25 Bolt,20,30,87089900,divya,Leypart
100630720,‘O’ RING,30,50,40169320,divya,Leypart
100631590,VENTING GUIDE,150,210,87083000,divya,Leypart
100631761,Body Upper Part Machining-Dbv,2430,3290,Not Found,divya,Leypart
100631783,Body Lower Part (Machining),2190,2960,Not Found,divya,Leypart
100631854,BODY - UPPER PART,1760,2380,87083000,divya,Leypart
100632004,BODY - LOWER PART,1730,2340,87083000,divya,Leypart
100632411,UPPER BODY,2330,3150,87083000,divya,Leypart
100632421,Lower Body (Machining),2460,3330,Not Found,divya,Leypart
100632741,BODY - LOWER PART,2580,3490,87083000,divya,Leypart
100632751,BODY - UPPER PART,2410,3260,87083000,divya,Leypart
100632760,VENTING GUIDE,150,210,87083000,divya,Leypart
100632951,LOWER BODY (MACHINING),2340,3160,87083000,divya,Leypart
100632961,Lower Body (Pdc ) -(A/L)-Voss Fitting,2530,3420,87083000,divya,Leypart
100632971,UPPER BODY (MACHINING),2530,3420,87083000,divya,Leypart
100632981,Body Upper Part(Al) (PDC)- Voss fitting,2350,3180,87083000,divya,Leypart
100632983,Upper Body,1120,1520,Not Found,divya,Leypart
100633381,DBV ADAPTOR PLATE (PDC VERSION),630,860,87083000,divya,Leypart
100634080,Exhaust Spout,130,180,87083000,divya,Leypart
100635031,Treadle Mounting Plate,1040,1410,87083000,divya,Leypart
100635041,Treadle Mounting Plate,1730,2340,87083000,divya,Leypart
100635141,Upper Body (Machined),2030,2750,87083000,divya,Leypart
100800020,PALM COUPLING,1500,2030,87169010,divya,Leypart
100800070,LEVER CONTROL VALVE,1680,2270,87083000,divya,Leypart
100800120,SHUT OFF COCK,2240,3030,87083000,divya,Leypart
100800140,SHUT OFF COCK,2330,3150,87083000,divya,Leypart
100800180,SHUT OFF COCK,1960,2650,87083000,divya,Leypart
100800220,DOUBLE CHECK VALVE,1260,1710,87083000,divya,Leypart
100800400,LEVER CONTROL VALVE,2040,2760,87083000,divya,Leypart
100800460,LEVER CONTROL VALVE,1790,2420,87083000,divya,Leypart
100800500,Control Valve - Lever Type,1890,2560,Not Found,divya,Leypart
100800540,LEVER CONTROL VALVE,1470,1990,87083000,divya,Leypart
100800550,Lever Type Control Valve,1350,1830,87083000,divya,Leypart
100800560,LEVER CONTROL VALVE,1480,2000,87083000,divya,Leypart
100800570,PALM COUPLING - RED,1200,1620,87169010,divya,Leypart
100800580,PALM COUPLING - YELLOW,1280,1730,87169010,divya,Leypart
100800600,PALM COUPLING (TRACTOR),850,1150,87083000,divya,Leypart
100800601,PALM COUPLING,860,1170,87169010,divya,Leypart
100800610,PALM COUPLING (TRACTOR),840,1140,87083000,divya,Leypart
100800611,PALM COUPLING,860,1170,87169010,divya,Leypart
100800620,PALM COUPLING (TRAILER),700,950,87169010,divya,Leypart
100800621,PALM COUPLING (TRAILER),690,940,87169010,divya,Leypart
100800630,PALM COUPLING (TRAILER),700,950,87169010,divya,Leypart
100800631,PALM COUPLING (TRAILER),690,940,87169010,divya,Leypart
100800640,PALM COUPLING,1790,2420,87083000,divya,Leypart
100800650,PALM COUPLING,1850,2500,87083000,divya,Leypart
100800700,LEVER CONTROL VALVE,1550,2100,87083000,divya,Leypart
100800710,LEVER CONTROL VALVE,1510,2040,87083000,divya,Leypart
100800840,DOUBLE CHECK VALVE,1400,1890,87083000,divya,Leypart
100800870,DOUBLE CHECK VALVE,1530,2070,87083000,divya,Leypart
100804010,Pin,20,30,87089900,divya,Leypart
100805270,PACKING RING,40,60,87083000,divya,Leypart
100813010,Bush-Slack Adjuster,40,60,Not Found,divya,Leypart
100813030,Worm Gear-Slack Adjuster,940,1270,Not Found,divya,Leypart
100813040,Worm Shaft Lock,140,190,Not Found,divya,Leypart
100813090,Rivet-Slack Adjuster,10,20,Not Found,divya,Leypart
100813750,BUSH,70,100,87083000,divya,Leypart
100820020,Slack Adjuster,878,1272,Not Found,divya,Leypart
100820220,SLACK ADJUSTER (TYPE 20),970,1310,87083000,divya,Leypart
100820230,SLACK ADJUSTER (TYPE 15),1010,1370,87083000,divya,Leypart
100820240,SLACK ADJUSTER (TYPE 15),1010,1370,87083000,divya,Leypart
100820260,SLACK ADJUSTER,1150,1560,87083000,divya,Leypart
100820270,SLACK ADJUSTER (TYPE 15),1230,1670,87083000,divya,Leypart
100820280,SLACK ADJUSTER (TYPE 15),1110,1500,87083000,divya,Leypart
100820330,SLACK ADJUSTER,2890,3910,87083000,divya,Leypart
100820410,SLACK ADJUSTER,1360,1840,87083000,divya,Leypart
100820420,SLACK ADJUSTER,1360,1840,87083000,divya,Leypart
100830480,THROTTLE VALVE,4270,5770,87083000,divya,Leypart
100830490,THROTTLE VALVE,12540,16930,87083000,divya,Leypart
100830530,E1 BRAKE VALVE,4340,5860,87083000,divya,Leypart
100830600,E 1 BRAKE VALVE,8880,11990,87083000,divya,Leypart
100830720,Double Check Valve - Voss,1900,2570,87083000,divya,Leypart
100841000,Seal Assembly/Sba/Bc,150,210,Not Found,divya,Leypart
100843100,SEAL RETURN SPRING,80,110,87083000,divya,Leypart
100843120,DIAPHRAGM,250,340,40169990,divya,Leypart
100843210,SPRING,160,220,87083000,divya,Leypart
100843220,DIAPHRAGM,200,270,40169990,divya,Leypart
100843221,DIAPHRAGM,410,560,40169990,divya,Leypart
100843300,SPRING,210,290,87083000,divya,Leypart
100843310,DIAPHRAGM,200,270,40169990,divya,Leypart
100843311,Diaphragm Type 20,380,520,40169990,divya,Leypart
100843330,DIAPHRAGM,270,370,40169990,divya,Leypart
100843331,DIAPHRAGM,410,560,40169990,divya,Leypart
100843340,DIAPHRAGM,480,650,40169990,divya,Leypart
100843350,DIAPHRAGM,700,950,40169990,divya,Leypart
100843720,Clamp Ring Nut-Bc Type 16/24,50,70,Not Found,divya,Leypart
100845800,Brake Chamber,2950,3990,Not Found,divya,Leypart
100845810,BRAKE CHAMBER (TYPE 16),3110,4200,87083000,divya,Leypart
100846320,Push Rod Assy,830,1130,Not Found,divya,Leypart
100847110,Non - Pressure plate assembly,940,1270,87083000,divya,Leypart
100847170,Pressplate Assy,760,1030,87083000,divya,Leypart
100848400,DIAPHRAGM,220,300,40169990,divya,Leypart
100848651,DIAPHRAGM,440,600,40169990,divya,Leypart
100848781,Clamp Ring,270,370,87083000,divya,Leypart
100848791,Clamp Ring,290,400,87083000,divya,Leypart
100848940,Dust Seal,90,130,87083000,divya,Leypart
100849061,Fork (Machining),370,500,Not Found,divya,Leypart
100850240,BRAKE CHAMBER (TYPE 12),2280,3080,87083000,divya,Leypart
100850241,BRAKE CHAMBER,2280,3080,87083000,divya,Leypart
100850291,BRAKE CHAMBER (TYPE 16),3290,4450,87083000,divya,Leypart
100850410,BRAKE CHAMBER (TYPE 12),2300,3110,87083000,divya,Leypart
100850470,BRAKE CHAMBER (TYPE 27) - FRONT,3500,4730,87083000,divya,Leypart
100850510,BRAKE CHAMBER (TYPE-14) SCL,2740,3700,87083000,divya,Leypart
100850610,BRAKE CHAMBER (TYPE 24),3930,5310,87083000,divya,Leypart
100850690,Brake Chamber Assy. Type-20,2610,3530,87083000,divya,Leypart
100850700,Brake Chamber Assy. Type-20,2520,3410,87083000,divya,Leypart
100850850,Brake Chamber (Ty 24),2960,4000,87083000,divya,Leypart
100850960,Brake Chamber - Type 14,2440,3300,87083000,divya,Leypart
100851150,Push Rod Assy/Sba Type 24/24,270,370,Not Found,divya,Leypart
100870031,DIAPHRAGM,420,570,40169990,divya,Leypart
100870061,Clamp Ring,330,450,87083000,divya,Leypart
100870070,Conical Spring,220,300,87083000,divya,Leypart
100870191,DIAPHRAGM - SBA,630,860,40169990,divya,Leypart
100870251,DIAPHRAGM,470,640,40169990,divya,Leypart
100870460,DIAPHRAGM TYPE 27 BRAKE CHAMBER,680,920,40169990,divya,Leypart
100870470,Clamp Ring,310,420,Not Found,divya,Leypart
100870580,DIAPHRAGM,490,670,40169990,divya,Leypart
100900140,Hose Assy 11 Mm Id(Trailer),1320,1790,40169990,divya,Leypart
100900220,HOSE ASSEMBLY,250,340,40169990,divya,Leypart
100900340,HOSE ASSEMBLY,220,300,40169990,divya,Leypart
100900350,HOSE ASSEMBLY,270,370,40169990,divya,Leypart
100900750,HOSE ASSEMBLY,330,450,40169990,divya,Leypart
100901360,HOSE ASSEMBLY,520,710,40169990,divya,Leypart
100902010,HOSE ASSEMBLY,510,690,40169990,divya,Leypart
100902020,HOSE ASSEMBLY,440,600,40169990,divya,Leypart
100902270,HOSE ASSEMBLY,660,900,40169990,divya,Leypart
100902330,HOSE ASSEMBLY,470,640,40169990,divya,Leypart
100902560,HOSE ASSEMBLY,370,500,40169990,divya,Leypart
100902570,HOSE ASSEMBLY,420,570,40169990,divya,Leypart
100902580,HOSE ASSEMBLY,330,450,40169990,divya,Leypart
100902960,HOSE ASSEMBLY,370,500,40169990,divya,Leypart
100902970,HOSE ASSEMBLY,380,520,40169990,divya,Leypart
100903030,Hose Assembly (11 Mm Id),420,570,40169990,divya,Leypart
100903080,Hose Assembly (11 Mm Id),680,920,Not Found,divya,Leypart
100903090,ARM ASSY,6670,9010,87083000,divya,Leypart
100903460,"Hose Assy (710 mm, Similar to M 900750)",530,720,40169990,divya,Leypart
100903710,"Hose Assy (710 mm, Similar to M 902020)",480,650,40169990,divya,Leypart
100903720,"Hose Assy (375 mm, Similar to M 900340)",310,420,40169990,divya,Leypart
100903730,Hose Assy,420,570,40169990,divya,Leypart
100903770,TML Hose Assy 900 mm long,540,730,40169990,divya,Leypart
100904730,HOSE ASSEMBLY,380,520,40169990,divya,Leypart
100904860,Bracket,1380,1870,87083900,divya,Leypart
100910120,SEALING WASHER,20,30,87083000,divya,Leypart
100910130,SEALING WASHER,20,30,87083000,divya,Leypart
100910140,Hose Clip,60,90,73269099,divya,Leypart
100910870,Running Nut,100,140,Not Found,divya,Leypart
100911030,Union Nut,140,190,Not Found,divya,Leypart
100911040,Sleeve,70,100,Not Found,divya,Leypart
100911420,Sleeve,70,100,Not Found,divya,Leypart
100911480,HOSE,250,340,40169990,divya,Leypart
100911540,HOSE,180,250,40169990,divya,Leypart
100911550,Hose Clip/Hose Assy,20,30,73261910,divya,Leypart
100911680,Hose Adaptor/Hose Assy,80,110,87083000,divya,Leypart
100911690,Hose Adaptor/Hose Assy,50,70,87089900,divya,Leypart
100911700,Running Nut/Hose Assy,20,30,73182400,divya,Leypart
100911840,SEALING WASHER,20,30,87083000,divya,Leypart
100911891,Lock Nut-Bc Type 16&Sba,110,150,87083000,divya,Leypart
100912160,Hose Adaptor,70,100,Not Found,divya,Leypart
100912580,STEEL WASHER,20,30,87083000,divya,Leypart
100912620,SEALING RING,50,70,40169320,divya,Leypart
100914000,Union Body,410,560,Not Found,divya,Leypart
100914030,UNION NUT,220,300,87083000,divya,Leypart
100914170,Hose Adaptor,100,140,Not Found,divya,Leypart
100915500,UNION BODY,290,400,87083000,divya,Leypart
100915670,SEALING RING,20,30,40169320,divya,Leypart
100915680,SPECIAL WASHER,50,70,87083000,divya,Leypart
100917120,HOSE,2260,3060,40169990,divya,Leypart
100917380,Hose,460,630,Not Found,divya,Leypart
100917400,Worm Drive Hose Clamp,20,30,73269099,divya,Leypart
100917823,Washer,10,20,Not Found,divya,Leypart
100920170,OIL SEAL,120,170,40169330,divya,Leypart
100921690,M6 STUD,30,50,87083000,divya,Leypart
100922310,Hexagon head screws,20,30,73181900,divya,Leypart
100923540,Insert,70,100,Not Found,divya,Leypart
100923760,hose clip,30,50,87083000,divya,Leypart
100923990,Wood Ruff Key-Hs Wcc160,40,60,87089900,divya,Leypart
100924460,Hose 680 Mm Long,320,440,Not Found,divya,Leypart
100925200,LINK - ARM ASSY,130,180,40169990,divya,Leypart
100925660,Spl.Adaptor-M22 X M18 Telco,110,150,87089900,divya,Leypart
100925880,SEALING RING,40,60,40169320,divya,Leypart
100926090,SPECIAL ADAPTOR,230,320,87083000,divya,Leypart
100926100,SPECIAL ADAPTOR,360,490,87083000,divya,Leypart
100927930,HOSE (14 MM ID - 5000 MM LONG),2740,3700,40169990,divya,Leypart
100928880,Cross Rec. Pan Head Screw,40,60,87083000,divya,Leypart
100928890,Hex head screws and bolts,40,60,73181900,divya,Leypart
100931500,CYL HEAD MOUNTING BOLT-M8X1.25(L 90),50,70,87089900,divya,Leypart
100932810,Voss Adaptor,180,250,87089900,divya,Leypart
100932840,Voss Adaptor,300,410,Not Found,divya,Leypart
100932850,Voss Adaptor,300,410,87089900,divya,Leypart
100935520,Voss Adaptor,250,340,87089900,divya,Leypart
100940750,Adaptor,230,320,87089900,divya,Leypart
100941780,Connecting Rod - ECAS,130,180,87083000,divya,Leypart
100942510,Nylon Pipe,5950,8040,Not Found,divya,Leypart
100942520,Nylon Pipe,4060,5490,Not Found,divya,Leypart
100943180,Hooter,270,370,87083000,divya,Leypart
100944220,Adapter,330,450,87089900,divya,Leypart
300001137,REPAIR KIT - SC 160/ 230 MINOR,190,260,87083000,divya,Leypart
300001148,REPAIR KIT - SC 160 MINOR,260,360,87083000,divya,Leypart
300001149,REPAIR KIT - SC 160 MAJOR (STD),1030,1400,87083000,divya,Leypart
300001150,REPAIR KIT - SC 160 MAJOR (1st U/S),1330,1800,87083000,divya,Leypart
300001175,REPAIR KIT - SC 160 / 230 CYL.HEAD,180,250,87083000,divya,Leypart
300001185,REPAIR KIT - WCSC 160 MINOR,500,680,87083000,divya,Leypart
300001187,REPAIR KIT - CYL.HEAD ASSEMBLY,340,460,87083000,divya,Leypart
300001188,REPAIR KIT - HSSC 160 MINOR,350,480,87083000,divya,Leypart
300001193,REPAIR KIT - MAJOR,1810,2450,87083000,divya,Leypart
300001194,REPAIR KIT - SC 160 / 230 PISTON (STD),2220,3000,87083000,divya,Leypart
300001195,REPAIR KIT - SC 160 / 230 PISTON RING (STD),450,610,87083000,divya,Leypart
300001198,REPAIR KIT - SC 160 / 230 PISTON (1st O/S),2650,3580,87083000,divya,Leypart
300001199,REPAIR KIT - SC 160 / 230 PISTON (2nd O/S),2600,3510,87083000,divya,Leypart
300001200,REPAIR KIT - SC 160 / 230 RING (1st O/S),680,920,87083000,divya,Leypart
300001201,REPAIR KIT - SC 160 / 230 RING (2nd O/S),630,860,87083000,divya,Leypart
300001202,REPAIR KIT - CYLINDER HEAD,250,340,87083000,divya,Leypart
300001206,SILICON OIL SEAL KIT WC COMPR.,230,320,87083000,divya,Leypart
300001207,REPAIR KIT - SC 230 MINOR,1390,1880,87083000,divya,Leypart
300001208,REPAIR KIT - REED VALVE SC 160,1380,1870,87083000,divya,Leypart
300001210,REPAIR KIT - REED VALVE IVECO COMP-WC,1770,2390,87083000,divya,Leypart
300001211,REPAIR KIT - REED VALVE 94 DIA,1690,2290,87083000,divya,Leypart
300001212,REPAIR KIT - REED VALVE HSSC160,1550,2100,87083000,divya,Leypart
300001213,REPAIR KIT - REED VALVE 77 DIA,1550,2100,87083000,divya,Leypart
300001215,REPAIR KIT - TCL COMPRESSOR CYLINDER HEAD,310,420,87083000,divya,Leypart
300001216,REPAIR KIT - TCL COMPRESSOR MAJOR,1510,2040,87083000,divya,Leypart
300001217,REPAIR KIT - TCL COMPRESSOR RING (STD),860,1170,87083000,divya,Leypart
300001218,REPAIR KIT - TCL COMPRESSOR RING (1st O/S),1130,1530,87083000,divya,Leypart
300001219,REPAIR KIT - TCL COMPRESSOR RING (2nd O/S),1110,1500,87083000,divya,Leypart
300001223,REPIAR KIT - PISTON (STD),2150,2910,87083000,divya,Leypart
300001224,REPAIR KIT - PISTON (1st O/S),2330,3150,87083000,divya,Leypart
300001225,REPAIR KIT - PISTON (2nd O/S),2330,3150,87083000,divya,Leypart
300001226,REPAIR KIT - PISTON RING (STD),550,750,87083000,divya,Leypart
300001227,REPAIR KIT - PISTON RING (1st O/S),670,910,87083000,divya,Leypart
300001228,REPAIR KIT,690,940,87083000,divya,Leypart
300001229,REPAIR KIT - REED VALVE,1240,1680,87083000,divya,Leypart
300001300,REPAIR KIT - MAJOR (NLC),2570,3470,87083000,divya,Leypart
300001301,REPAIR KIT - RING (NLC),2160,2920,87083000,divya,Leypart
300001302,REPAIR KIT - READ VALVE (NLC),2080,2810,87083000,divya,Leypart
300001303,REPAIR KIT - PISTON (NLC),4460,6030,87083000,divya,Leypart
300001304,REPAIR KIT - MINOR (NLC),1850,2500,87083000,divya,Leypart
300001305,Minor Kit,230,320,87083000,divya,Leypart
300001306,Major Kit,1290,1750,87083000,divya,Leypart
300001309,MINOR REPAIR KIT FOR M 101170,2170,2930,87083000,divya,Leypart
300001310,MAJOR REPAIR KIT FOR M 101170,2670,3610,87083000,divya,Leypart
300001311,PISTON RING REPAIR KIT,2700,3650,87083000,divya,Leypart
300001312,PISTON REPAIR KIT,4270,5770,87083000,divya,Leypart
300001337,REED VALVE KIT,1470,1990,87083000,divya,Leypart
300001345,Major Repair Kit - 230cc,2110,2850,87083000,divya,Leypart
300001356,Repair Kit for Cylinder Head 318 CC,3470,4690,87083000,divya,Leypart
300001357,Major Repair Kit for 318 CC,7360,9940,87083000,divya,Leypart
300001359,Repair Kit for Ring 318 CC,2180,2950,87083000,divya,Leypart
300001360,Repair Kit for Major Repair 318 CC,4100,5540,87083000,divya,Leypart
300001361,Major Repair Kit,3160,4270,87083000,divya,Leypart
300001362,PISTON REPAIR KIT,1980,2680,87083000,divya,Leypart
300001365,Cyinder Head Kit,620,840,87083000,divya,Leypart
300001366,Minor Repair kit for M101220,580,790,87083000,divya,Leypart
300001367,Major repair kit for M101220,3320,4490,87083000,divya,Leypart
300001369,Repair Kit for Cylinder Head,1260,1710,87083000,divya,Leypart
300001371,Major Repair Kit,1060,1440,87083000,divya,Leypart
300001372,REED VALVE KIT,1640,2220,87083000,divya,Leypart
300001374,PR Minor Repair,1930,2610,87083000,divya,Leypart
300001377,Head Repair Kit,340,460,87083000,divya,Leypart
300001380,Kit: Piston Ring,580,790,Not Found,divya,Leypart
300001386,PR Repair Kit,910,1230,87083000,divya,Leypart
300001389,Repair Kit for Cylinder Head 3,1370,1850,87083000,divya,Leypart
300001390,Repair Kit for Piston Assy 318 CC,2180,2950,87083000,divya,Leypart
300001393,Kit: Valve Plate,1940,2620,Not Found,divya,Leypart
300001396,Major Repair Kit for 318 CC,2030,2750,87083000,divya,Leypart
300001403,Head Repair kit Disc type,1360,1840,87083000,divya,Leypart
300001404,Standard Ring Repair Kit,540,730,87083000,divya,Leypart
300001405,1st O/S Ring Repair Kit,510,690,87083000,divya,Leypart
300001406,2nd O/S Ring Repair Kit,480,650,87083000,divya,Leypart
300001407,Crank Case Repair Kit,1930,2610,87083000,divya,Leypart
300001408,Repair Kit for Cylinder Head,4330,5850,87083000,divya,Leypart
300001409,Repair Kit for Piston Assy (STD) 85 Dia,3360,4540,87083000,divya,Leypart
300001410,Major Repair Kit,5280,7130,87083000,divya,Leypart
300001411,Ring Repair Kit,1210,1640,87083000,divya,Leypart
300001412,Major Kit,1330,1800,87083000,divya,Leypart
300001416,Head Repair Kit,1550,2100,87083000,divya,Leypart
300001418,PISTON REPAIR KITt1ST O/S,2340,3160,87083000,divya,Leypart
300001421,REED VALVEKIT,1630,2210,87083000,divya,Leypart
300001437,HEAD KIT,450,610,87083000,divya,Leypart
300001438,REED VALVE KIT,2000,2700,87083000,divya,Leypart
300001439,Major Kit,1100,1490,87083000,divya,Leypart
300001440,Kit: Gasket,600,810,Not Found,divya,Leypart
300001446,Major Kit,2390,3230,87083000,divya,Leypart
300001447,Major repair kit- 318cc ISP c,3800,5130,87083000,divya,Leypart
300001448,Head Kit Minor,630,860,87083000,divya,Leypart
300001449,Head Kit Minor,480,650,87083000,divya,Leypart
300001452,Head Minor Kit,1030,1400,87083000,divya,Leypart
300001453,Head Kit Minor,480,650,Not Found,divya,Leypart
300001454,Head Kit Major,1740,2350,87083000,divya,Leypart
300001455,Head Kit Major,970,1310,87083000,divya,Leypart
300001457,Head Kit Major,1750,2370,87083000,divya,Leypart
300001458,Head Major Kit,2400,3240,87083000,divya,Leypart
300001459,Head Kit Major,1630,2210,87083000,divya,Leypart
300001460,Crank Case Kit,1400,1890,87083000,divya,Leypart
300001461,Crank Case Kit,680,920,87083000,divya,Leypart
300001467,Crank Case Kit,250,340,87083000,divya,Leypart
300001468,Major Overall Kit,2950,3990,87083000,divya,Leypart
300001469,Major Overall Kit,1740,2350,87083000,divya,Leypart
300001471,Major Overall Kit,2090,2830,87083000,divya,Leypart
300001472,Major Overall Kit,1760,2380,87083000,divya,Leypart
300001475,Major Overall Kit,2600,3510,87083000,divya,Leypart
300001477,Major Overall Kit,2200,2970,87083000,divya,Leypart
300001478,Gasket and Sealing Ring Kit,900,1220,87083000,divya,Leypart
300001479,Gasket & Sealing Ring Kit,590,800,87083000,divya,Leypart
300001481,Gasket & Sealing Ring Kit,630,860,87083000,divya,Leypart
300001484,Gasket & Sealing Ring Kit,1020,1380,Not Found,divya,Leypart
300001485,Gasket & Sealing Ring Kit,970,1310,87083000,divya,Leypart
300001486,Gasket & Sealing Ring Kit,530,720,87083000,divya,Leypart
300001487,Ring Kit,350,480,87083000,divya,Leypart
300001488,Ring Kit - Std,330,450,87083000,divya,Leypart
300001493,Head Kit Minor,570,770,87083000,divya,Leypart
300001494,Head Kit Major,1780,2410,87083000,divya,Leypart
300001495,Crank Case Kit,300,410,87083000,divya,Leypart
300001496,Major Overhaul Kit,1970,2660,87083000,divya,Leypart
300001497,Gasket & Sealing Ring Kit,670,910,87083000,divya,Leypart
300001498,Head Minor Kit,290,400,87083000,divya,Leypart
300001499,Head Repair Kit,740,1000,87083000,divya,Leypart
300001501,Major Overhaul Repair Kit,1160,1570,87083000,divya,Leypart
300001502,Gasket Kit,310,420,87083000,divya,Leypart
300001503,Head Minor Repair Kit,250,340,87083000,divya,Leypart
300001504,Crank Case Repair Kit,310,420,87083000,divya,Leypart
300001505,Comp - Major Overhaul Repair Kit,2380,3220,87083000,divya,Leypart
300001506,Gasket & Sealing Ring Repair Kit,440,600,87083000,divya,Leypart
300001508,RING KIT-1ST O/S,420,570,87083000,divya,Leypart
300001509,Modified Piston Assembly Ring Repair Kit,390,530,87083000,divya,Leypart
300001510,Modified PistonAssy 1st O/S Ring Rep.Kit,450,610,87083000,divya,Leypart
300001512,Major Overhaul Repair Kit,2190,2960,87083000,divya,Leypart
300001513,Head Major Repair Kit,1770,2390,87083000,divya,Leypart
300001514,Head Minor Repair Kit,460,630,87083000,divya,Leypart
300001515,Kit: Gasket,540,730,Not Found,divya,Leypart
300001537,Repair Kit for Cylinder Head 318 CC,3490,4720,87083000,divya,Leypart
300001538,Major Repair kit 318 cc,5310,7170,87083000,divya,Leypart
300001539,Ring Repairkit for 318 cc compressor,2490,3370,87083000,divya,Leypart
300002032,"Clutch booster repair kit 3""730",1390,1880,87083000,divya,Leypart
300002033,"Clutch booster repair kit 4""",1560,2110,87083000,divya,Leypart
300002034,Repair Kit for Master Cylinder,1960,2650,87083000,divya,Leypart
300002035,Master Cylinder Kit,930,1260,87083000,divya,Leypart
300002036,Daimler 4 inch Clutch Servo Minor Kit,940,1270,87083000,divya,Leypart
300002037,Daimler 4 inch Clutch Servo Major Kit,1370,1850,87083000,divya,Leypart
300002039,Modified 3 Inch Clucth Servo Repair Kit,1500,2030,87083000,divya,Leypart
300002045,4 inch Clutch Servo Major Repair Kit,1610,2180,87083000,divya,Leypart
300002046,CMC - Repair Kit,770,1040,87083000,divya,Leypart
300002054,Clutch Servo Minor Repair Kit,770,1040,87083000,divya,Leypart
300002057,Clutch master cylinder Repair,330,450,87089300,divya,Leypart
300002059,Clutch Servo Repair Kit,1850,2500,87083000,divya,Leypart
300003016,REPAIR KIT - QUICK RELEASE VALVE,480,650,87083000,divya,Leypart
300003026,REPAIR KIT - INVERSION VALVE,340,460,87083000,divya,Leypart
300003033,REPAIR KIT - FOOT CONTROL VALVE,190,260,87083000,divya,Leypart
300003049,REPAIR KIT - UNLOADER VALVE WITH TI,340,460,87083000,divya,Leypart
300003053,REPAIR KIT - LIMITING & QUICK RELEASE VALVE,1830,2480,87083000,divya,Leypart
300003059,REPAIR KIT,970,1310,87083000,divya,Leypart
300003064,REPAIT KIT - GRAD.HAND CONTROL VALVE,350,480,87083000,divya,Leypart
300003065,REPAIR KIT - QUADRUPLE SYSTEM PROD. VALVE,750,1020,87083000,divya,Leypart
300003066,REPAIR KIT - R6 RELAY VALVE,400,540,87083000,divya,Leypart
300003068,REPAIT KIT - GRAD.HAND CONTROL VALVE,660,900,87083000,divya,Leypart
300003070,REPAIR KIT - RE6 RELAY EMERGENCY VALVE,540,730,87083000,divya,Leypart
300003071,REPAIR KIT - AIR DRYER WITH ULVTI,3930,5310,87083000,divya,Leypart
300003072,R-12 RELAY VALVE (VERTICAL VERSION),480,650,87083000,divya,Leypart
300003074,REPAIR KIT - RELAY INVERSION VALVE,870,1180,87083000,divya,Leypart
300003075,REPAIR KIT - AIR DRYER MAJOR,4010,5420,87083000,divya,Leypart
300003078,REPAIR KIT - AIR DRYER MINOR,400,540,87083000,divya,Leypart
300003079,REPAIR KIT -,1350,1830,87083000,divya,Leypart
300003080,REPAIR KIT - GRAD HAND CONTROL VALVE,370,500,87083000,divya,Leypart
300003084,REPAIR KIT - RG2 RELAY VALVE,320,440,87083000,divya,Leypart
300003085,REPAIR KIT - LOAD SENSING VALVE,1170,1580,87083000,divya,Leypart
300003086,REPAIR KIT - DRYING AND DISTRIBUTION UNIT,900,1220,87083000,divya,Leypart
300003087,INVERSION RELAY VALVE KIT,960,1300,87083000,divya,Leypart
300003089,REPAIR KIT - Q.R.VALVE WITH DIAPHRAGM,180,250,87083000,divya,Leypart
300003090,REPAIR KIT - DDU - MINOR - VOSS,1950,2640,87083000,divya,Leypart
300003092,Quick Release Valve repair Kit,550,750,87083000,divya,Leypart
300003093,GHCV REPAIR KIT,540,730,87083000,divya,Leypart
300003094,REPAIR KIT - RG 2 - VOSS,930,1260,87083000,divya,Leypart
300003095,REPAIR KIT - QSPV - VOSS,1090,1480,87083000,divya,Leypart
300003096,MAJOR REPAIR KIT - DDU,4580,6190,87083000,divya,Leypart
300003098,REPAIR KIT - DDU - MAJOR - VOSS,5330,7200,87083000,divya,Leypart
300003099,REPAIR KIT - ALSV WITH VOSS FITTINGS,1220,1650,87083000,divya,Leypart
300003101,QSPV REPAIR KIT- DDU,1410,1910,87083000,divya,Leypart
300003103,Double Check Valve Repair Kit,240,330,87083000,divya,Leypart
300003105,Non Return Valve Repair Kit,310,420,87083000,divya,Leypart
300003106,INVERSION RELAY VALVE KIT,750,1020,87083000,divya,Leypart
300003109,GHCV REPAIR KIT,420,570,87083000,divya,Leypart
300003111,Air Dryer Major Kit,4760,6430,87083000,divya,Leypart
300003112,Repair Kit-Condensate separator,1400,1890,87083000,divya,Leypart
300003115,QSPV with Voss Repair Kit,1110,1500,87083000,divya,Leypart
300003116,Pressure Reducer Valve Repair Kit,890,1210,87083000,divya,Leypart
300003117,DDU-Unloader Plunger Kit,740,1000,87083000,divya,Leypart
300003118,DDU Repair Kit,4500,6080,87083000,divya,Leypart
300003120,Repair Kit for IRV Voss,930,1260,87083000,divya,Leypart
300003122,Minor Kit for Oil Seperator,800,1080,87083000,divya,Leypart
300003123,NG8 Repair Kit(Voss Type),60,90,87083000,divya,Leypart
300003124,NG12 VOSS Repair Kit,70,100,87083000,divya,Leypart
300003125,ALSV Rubber Grommet Kit,610,830,87083000,divya,Leypart
300003127,APDA Minor Repair Kit,2490,3370,87083000,divya,Leypart
300003128,APDA Major Repair Kit,4570,6170,87083000,divya,Leypart
300003129,Repair Kit for NG12 Fitting,310,420,87083000,divya,Leypart
300003130,Repair Kit for NG12 Fitting,350,480,87083000,divya,Leypart
300003131,Repair Kit for Quick Release Valve,210,290,87083000,divya,Leypart
300003133,GHCV w/o Trailer Check minor Repair Kit,490,670,87083000,divya,Leypart
300003135,Kit: Exhaust Valve,670,910,Not Found,divya,Leypart
300003138,GHCV Top Cover Parts Kit,650,880,87083000,divya,Leypart
300003139,GHCV Major Kit,1610,2180,87083000,divya,Leypart
300003140,GHCV Top cover Assy Kit,580,790,87083000,divya,Leypart
300003144,R14 Relay Valve Repair Kit,960,1300,87083000,divya,Leypart
300003145,Inversion Relay Valve Repair Kit,880,1190,87083000,divya,Leypart
300003147,Silencer Kit,480,650,87083000,divya,Leypart
300003148,QSPV Kit,890,1210,87083000,divya,Leypart
300003155,LACV Repair Kit,1930,2610,87083000,divya,Leypart
300003159,Load Detection Valve Major Kit,1220,1650,87083000,divya,Leypart
300003161,GHCV Self Return Repair Kit,620,840,87083000,divya,Leypart
300003164,Major Repair Kit-Air Dryer,3890,5260,87083000,divya,Leypart
300003165,Air Dryer Major Repair Kit,2500,3380,87083000,divya,Leypart
300003167,DDU with New Desiccant Repair Kit,4050,5470,87083000,divya,Leypart
300003168,DDU with New Desiccant Repair Kit -VOSS,4170,5630,87083000,divya,Leypart
300003170,APDA With ASP cartridge -VECV Retro fit,2780,3760,87083000,divya,Leypart
300003171,AD Kit,4410,5960,87083000,divya,Leypart
300003174,AIR DRYER REPAIR KIT,3930,5310,87083000,divya,Leypart
300003175,APDA KIT,4920,6650,87083000,divya,Leypart
300003183,AIR DRYER REPAIRKIT,2260,3060,87083000,divya,Leypart
300003184,AIR DRYER MAJOR KIT (ASP),4990,6740,87083000,divya,Leypart
300005001,REPAIR KIT - SPRING BRAKE CHAMBER,1280,1730,87083000,divya,Leypart
300005003,REPAIR KIT - AIR CYLINDER,350,480,87083000,divya,Leypart
300006002,REPAIR KIT - DUAL BRAKE VALVE,800,1080,87083000,divya,Leypart
300006003,REPAIR KIT - TRAILER CONTROL VALVE,5310,7170,87083000,divya,Leypart
300006006,REPAIR KIT - SINGLE BRAKE VALVE,1230,1670,87083000,divya,Leypart
300006007,REPAIR KIT - DUAL BRAKE VALVE,2100,2840,87083000,divya,Leypart
300006008,REPAIR KIT - DUAL BRAKE VALVE,770,1040,87083000,divya,Leypart
300006009,REPAIR KIT - DUAL BRAKE VALVE,1420,1920,87083000,divya,Leypart
300006010,REPAIR KIT - REDUCED BIAS CONVERSION,1280,1730,87083000,divya,Leypart
300006012,REPAIR KIT - DUAL BRAKE VALVE MAJOR,1730,2340,87083000,divya,Leypart
300006013,REPAIR KIT - DUAL BRAKE VALVE MAJOR,1970,2660,87083000,divya,Leypart
300006017,REPAIR KIT - DUAL BRAKE VALVE MAJOR,1580,2140,87083000,divya,Leypart
300006018,REPAIR KIT - D.B.VALVE - MINOR WITH FILTER,890,1210,87083000,divya,Leypart
300006019,REPAIR KIT - D.B.VALVE - MAJOR WITH FILTER,1690,2290,87083000,divya,Leypart
300006020,REPAIR KIT - D.B.VALVE - MINOR WITH FILTER,880,1190,87083000,divya,Leypart
300006022,MAJOR KIT WITH FILTER - DBV,2660,3600,87083000,divya,Leypart
300006023,REPAIR KIT - D.B.VALVE - MINOR - VOSS,2240,3030,87083000,divya,Leypart
300006024,REPAIR KIT - D.B.VALVE - MAJOR - VOSS,2220,3000,87083000,divya,Leypart
300006026,REPAIR KIT - TCV WITH VOSS FITTINGS,1530,2070,87083000,divya,Leypart
300006029,Repair Kit - Major ( SPL Application ),1420,1920,87083000,divya,Leypart
300006030,DBV Repair Kit,1480,2000,87083000,divya,Leypart
300006031,Repair Kit - Major (Special application),1610,2180,87083000,divya,Leypart
300006034,TC Valve Voss type with Silencer repair,2110,2850,87083000,divya,Leypart
300006036,DBV M601560 rep kit - VOSS Fittings,1870,2530,87083000,divya,Leypart
300006040,DBV - Repair Kit,910,1230,87083000,divya,Leypart
300006041,IPU Kit Daimler,2250,3040,87083000,divya,Leypart
300006042,DBV Silencer Repair Kit,100,140,87083000,divya,Leypart
300006043,IPU-Over Hauling Housing Kit,3460,4680,87083000,divya,Leypart
300006045,DBV - Repair Kit,1000,1350,87083000,divya,Leypart
300006051,FBV with Plunger Repair Kit,850,1150,87083000,divya,Leypart
300006052,FBV with Plunger Repair Kit,850,1150,87083000,divya,Leypart
300006061,Dual Brake Valve Repair Kit for VECV-20:,960,1300,87083000,divya,Leypart
300008014,REPAIR KIT - HAND CONTROL VALVE,230,320,87083000,divya,Leypart
300008018,Kit: Automatic Slack Adjuster,250,340,Not Found,divya,Leypart
300008022,REPAIR KIT - E1 BRAKE VALVE,550,750,87083000,divya,Leypart
300008030,REPAIR KIT - THROTTLE VALVE,480,650,87083000,divya,Leypart
300008042,REPAIR KIT - SLACK ADJUSTER,270,370,87083000,divya,Leypart
300008043,REPAIR KIT - WORMSHAFT,140,190,87083000,divya,Leypart
300008049,REPAIR KIT - SLACK ADJUSTER MINOR,150,210,87083000,divya,Leypart
300008050,REPAIR KIT - SLACK ADJUSTER MAJOR,340,460,87083000,divya,Leypart
300008051,REPAIR KIT - WORMSHAFT,150,210,87083000,divya,Leypart
300008052,Kit: Automatic Slack Adjuster,390,530,Not Found,divya,Leypart
300008053,REPAIR KIT - PALM COUPLING,280,380,87083000,divya,Leypart
300008054,REPAIR KIT - WORMSHAFT,180,250,87083000,divya,Leypart
300008058,REPAIR KIT - BRAKE CHAMBER,530,720,40169990,divya,Leypart
300008059,REPAIR KIT - BRAKE CHAMBER,540,730,40169990,divya,Leypart
300008060,REPAIR KIT - BRAKE CHAMBER,710,960,40169990,divya,Leypart
300008062,REPAIR KIT - BRAKE CHAMBER,1040,1410,87083000,divya,Leypart
300008067,REPAIR KIT - SLACK ADJUSTER MAJOR,600,810,87083000,divya,Leypart
300008072,REPAIR KIT - BRAKE CHAMBER,840,1140,87083000,divya,Leypart
300008073,REPAIR KIT - BRAKE CHAMBER,1060,1440,87083000,divya,Leypart
300008078,Repair Kit - Brake Chamber ( Ty 14 ),940,1270,40169990,divya,Leypart
300008079,REPAIR KIT - SPRING BRAKE ACTUATOR,1720,2330,87083000,divya,Leypart
300008080,SLACK ADJUSTER REPAIR KIT,600,810,87083000,divya,Leypart
300008081,BRAKE CHAMBER (TYPE24) KIT,840,1140,87083000,divya,Leypart
300008082,Repair Kit BC type 20 - M850690/700,630,860,87083000,divya,Leypart
300008083,Clamp Ring Kit,380,520,87083000,divya,Leypart
300008084,Repair Kit-Automatic Slack Adjuster,1430,1940,87083000,divya,Leypart
300008086,Worm Shaft Kit(Automatic Slack Adjuster),880,1190,87083000,divya,Leypart
300008087,Wormshaft RepairKit,940,1270,87083000,divya,Leypart
300008088,REPAIR KIT,650,880,87083000,divya,Leypart
300008089,REPAIR KIT,830,1130,87083000,divya,Leypart
300008090,Repair Kit BC type 24,930,1260,87083000,divya,Leypart
300008091,Repair Kit BC type27,970,1310,87083000,divya,Leypart
300008093,BC Type 16 Repair Kit,270,370,87083000,divya,Leypart
300008100,BC Type 24 Repair Kit,540,730,87083000,divya,Leypart
300008102,BC Type 12 Repair Kit,390,530,87083000,divya,Leypart
300008105,BC Type27 Diaphragm Repair kit,940,1270,87083000,divya,Leypart
300008106,BC -Type 27 Diaphragm Repair Kit,820,1110,87083000,divya,Leypart
300008107,BC Type 16 Repair Kit,410,560,87083000,divya,Leypart
300008110,Repair Kit - ASA,1270,1720,87083000,divya,Leypart
300008111,Wormshaft Repair Kit-ASA,1060,1440,87083000,divya,Leypart
300008118,Diaphragm kit for VOLVO,1020,1380,40169990,divya,Leypart
300008120,Retainer Kit for VOLVO,90,130,87083000,divya,Leypart
300025003,REPAIR KIT - AIR CYLINDER,250,340,87083000,divya,Leypart
300025008,REPAIR KIT - AIR FILTER,150,210,87083000,divya,Leypart
300025015,REPAIR KIT - EXHAUST BRAKE ASSEMBLY,1680,2270,87083000,divya,Leypart
300025017,REPAIR KIT - SPRING BRAKE ACTUATOR MAJOR,1080,1460,87083000,divya,Leypart
300025018,REPAIR KIT - SPRING BRAKE ACTUATOR MAJOR,940,1270,87083000,divya,Leypart
300025019,REPAIR KIT - SPRING BRAKE ACTUATOR MAJOR,900,1220,40169990,divya,Leypart
300025024,REPAIR KIT - SPRING BRAKE ACTUATOR MAJOR,830,1130,87083000,divya,Leypart
300025025,REPAIR KIT - SPRING BRAKE ACTUATOR MAJOR,1250,1690,87083000,divya,Leypart
300025026,REPAIR KIT - AIR FILTER,240,330,87083000,divya,Leypart
300025027,REPAIR KIT - SPRING BRAKE ACTUATOR,780,1060,87083000,divya,Leypart
300025028,REPAIR KIT - SPRING BRAKE ACTUATOR,900,1220,40169990,divya,Leypart
300025030,REPAIR KIT - SPRING BRAKE ACTUATOR,780,1060,87083000,divya,Leypart
300025032,REPAIR KIT - SPRING BRAKE ACTUATOR,1180,1600,87083000,divya,Leypart
300025033,REPAIR KIT - SPRING BRAKE ACTUATOR - MAJOR - VOSS,1220,1650,87083000,divya,Leypart
300025034,REPAIR KIT - MAJOR - SBA TYPE 24/75,1380,1870,87083000,divya,Leypart
300025035,REPAIR KIT - WEDGE BRAKE ACTUATOR,1250,1690,87083000,divya,Leypart
300025039,REPAIR KIT - SPRING BRAKE ACTUATOR - MAJOR - VOSS,1530,2070,87083000,divya,Leypart
300025040,REPAIR KIT - MAJOR - SBA TYPE 16/24,1590,2150,87083000,divya,Leypart
300025041,REPAIR KIT - SPRING BRAKE ACTUATOR,1020,1380,87083000,divya,Leypart
300025042,SBA - TYPE 24/24 Kit,1570,2120,87083000,divya,Leypart
300025043,Repair Kit SBA type 20/24,1350,1830,87083000,divya,Leypart
300025045,Spr Br Actua Type20 Repair Kit,1380,1870,87083000,divya,Leypart
300025050,Tristop Cylinder Ty 24/24 Repair Kit,1380,1870,87083000,divya,Leypart
300025056,SBA Minor Kit type 24/75,790,1070,87083000,divya,Leypart
300025059,Repair Kit for Master Cylinder,1300,1760,87083000,divya,Leypart
300025061,Push Rod Kit (200mm Standout),1100,1490,87083000,divya,Leypart
300025062,Clamp Ring Kit,430,590,87083000,divya,Leypart
300025063,Push Rod Assy Kit,1350,1830,87083000,divya,Leypart
300025064,Cylinder Kit,1460,1980,87083000,divya,Leypart
300025065,REPAIR KIT,1130,1530,87083000,divya,Leypart
300025066,SBA Type 20/24 Repair Kit with PU Seal,1090,1480,87083000,divya,Leypart
300025068,Kit: Bush,1450,1960,Not Found,divya,Leypart
300025070,SBA Ty 14/16 Repair Kit,1000,1350,87083000,divya,Leypart
300025071,SBA Ty24/24 Repair Kit,1380,1870,87083000,divya,Leypart
300025073,SBA Ty24/24Repair Kit wt Piston-Tristop,2310,3120,87083000,divya,Leypart
300025074,SBA Over Hauling Kit (16/16),860,1170,87083000,divya,Leypart
300025077,SBA-Over Hauling KitTy27/24 Tristop,1560,2110,87083000,divya,Leypart
300025080,SBA-TY-27/24-Repair kit,1290,1750,87083000,divya,Leypart
300025082,Exhaust Brake Assy Kit,550,750,87083000,divya,Leypart
300025084,SBA Type 24/24 Repair Kit,1150,1560,87083000,divya,Leypart
300025085,SBA Type 20/24 Repair Kit,1210,1640,87083000,divya,Leypart
300025087,BC Type 30 Diaphragm Repair Kit,450,610,Not Found,divya,Leypart
300025089,SBA Type 9/9 Repair Kit,610,830,87083000,divya,Leypart
300025091,EBA Repair Kit,530,720,87083000,divya,Leypart
300025092,SBA Type 16/16 Repair Kit,1190,1610,87083000,divya,Leypart
300025097,EBA Repair Kit,570,770,87083000,divya,Leypart
300025098,SBA- TYPE12/12 REPAIR KIT,780,1060,87083000,divya,Leypart
300025101,PCA Repair kit-VECV,2980,4030,87083000,divya,Leypart
300025116,XYA -Actuator repair kit,6550,8850,87083000,divya,Leypart
300025118,SAB TY 24/24 REPAIR KIT,1400,1890,87083000,divya,Leypart
300025121,Repair kit,1030,1400,87083000,divya,Leypart
300031002,R12 relay valve repair kit,930,1260,87083000,divya,Leypart
300045001,REPAIR KIT - VACUUM BRAKE VALVE,1860,2520,87083000,divya,Leypart
300045002,REPAIR KIT - VACUUM BRAKE VALVE,210,290,87083000,divya,Leypart
300045003,REPAIR KIT - VACUUM BRAKE VALVE,1410,1910,87083000,divya,Leypart
300045005,REPAIR KIT - VACUUM BRAKE VALVE,1960,2650,87083000,divya,Leypart
300045008,REPAIR KIT - VACUUM BRAKE VALVE,2290,3100,87083000,divya,Leypart
300045011,Kit: Diaphragm,460,630,Not Found,divya,Leypart
300045012,"REPAIR KIT - VACUUM BRAKE VALVE 10"" ZDS",2010,2720,40169990,divya,Leypart
300045013,REPAIR KIT - VACUUM BRAKE VALVE DDBV ZDS,1930,2610,87083000,divya,Leypart
300045014,REAPIR KIT - VACUUM BRAKE VALVE MINOR ZDS,300,410,87083000,divya,Leypart
300045015,REPAIR KIT - LIP SEAL,260,360,87083000,divya,Leypart
300045016,"REPAIR KIT - VAC.BR.VALVE 9""+ 8"" ZDS MAJOR",2200,2970,87083000,divya,Leypart
300045017,"REPAIR KIT - VAC.BR.VALVE 9""+ 8"" ZDS MINOR",490,670,87083000,divya,Leypart
300045018,REPAIR KIT - LIP SEAL ZDS,260,360,87083000,divya,Leypart
300045019,REPAIR KIT - VACUUM BRAKE VALVE DDBV ZDS,420,570,87083000,divya,Leypart
300045020,REPAIR KIT - VACUUM BRAKE VALVE DDBV ZDS,2280,3080,87083000,divya,Leypart
300045021,DDVBV Repair Kit,3460,4680,87083000,divya,Leypart
300045022,Major Kit,3280,4430,87083000,divya,Leypart
350008029,SBA retro Kit,1310,1770,87083000,divya,Leypart
350023000,REPAIR KIT - CYL. HEAD CONVERSION 94 DIA,3200,4320,87083000,divya,Leypart
350023001,REPAIR KIT - CYL. HEAD CONVERSION 77 DIA,2680,3620,87083000,divya,Leypart
350023003,TCL Top Port Head Assy Kit,3560,4810,87083000,divya,Leypart
350023004,TCL Side Port Head Assy Kit,3560,4810,87083000,divya,Leypart
350023005,HINO AC head,3650,4930,87083000,divya,Leypart
350023007,Reed Valve Assy - AL,2360,3190,87083000,divya,Leypart
350023008,TATA AC Head with Elbow&Reed Assy,2360,3190,87083000,divya,Leypart
350023009,Reed Valve Assy - TML,2310,3120,87083000,divya,Leypart
350023010,Reed Valve Ass Kit(M110960+MSP1/137),2360,3190,87083000,divya,Leypart
350023012,Air Compressor 100750 Cyl.Block Kit,3550,4800,87083000,divya,Leypart
350023013,Air Compressor 100960/1/2/3 Cyl.Bl Kit,4010,5420,87083000,divya,Leypart
350023014,Air Compressor 100101020 Cyl.Block Kit,4800,6480,87083000,divya,Leypart
350023015,Crank Case & Piston Assy Kit,5830,7880,87083000,divya,Leypart
350023016,Spares StockCrank Case & Piston Assy Kit,4970,6710,87083000,divya,Leypart
350023017,Crank Case & Piston Assy Kit,4850,6550,87083000,divya,Leypart
350023019,Crank Case & Piston Assy Kit,4010,5420,87083000,divya,Leypart
350023020,Crank Case & Piston Assy Kit,4410,5960,87083000,divya,Leypart
350023021,Crank Case & Piston Assy Kit,4010,5420,87083000,divya,Leypart
350023024,Crank Case & Piston Assy Kit,4970,6710,87083000,divya,Leypart
350023027,Compressor 160cc Head Assy Kit,4900,6620,87083000,divya,Leypart
350023031,Crank Case & Piston Assembly K,4240,5730,87083000,divya,Leypart
350023033,Reed Valve Kit with gaskets,2030,2750,Not Found,divya,Leypart
350023039,Cylinder head Assy Kit,4690,6340,87083000,divya,Leypart
350023045,Combo Kit,1470,1990,87083000,divya,Leypart
350023046,ASA Cover plate Assembly,660,900,Not Found,divya,Leypart
350023047,Combo Kit,1380,1870,87083000,divya,Leypart
350023048,COMP kit,2890,3910,Not Found,divya,Leypart
350023049,ASA Repair kit for Old Type pinion,1030,1400,87083000,divya,Leypart
350023050,ASA Repair kit for New Type pinion,1010,1370,87083000,divya,Leypart
350023051,Kit: Head & Gasket,4590,6200,87083000,divya,Leypart
350024012,Kit: Hose,1730,2340,Not Found,divya,Leypart
350024022,Kit: Valve,2870,3880,Not Found,divya,Leypart
350024024,Kit: Valve,3640,4920,Not Found,divya,Leypart
350024038,HBS-SBA Cylinder Kit,1210,1640,87083000,divya,Leypart
350024046,HBS Kit - Cylinder Assy,1380,1870,87083000,divya,Leypart
350024047,Pushrod Assy Kit,800,1080,Not Found,divya,Leypart
350024050,Clamp Ring Kit (SBA 24/75),340,460,87083000,divya,Leypart
350024051,Clamp Ring Kit New Type (SBA 20/24),1440,1950,87083000,divya,Leypart
350024052,Clamp Ring Kit New Type(SBA 20/24),1650,2230,87083000,divya,Leypart
350024055,Push Rod assy Kit(SBA 20/24)M250790/800,870,1180,87083000,divya,Leypart
350024057,Push Rod assy Kit(SBA 20/24)M252490/500,970,1310,87083000,divya,Leypart
350024059,Cylinder Kit,1070,1450,87083000,divya,Leypart
350024070,Clamp Ring Repair Kit,380,520,87083000,divya,Leypart
350024071,Push Rod Assy Repair Kit,1030,1400,87083000,divya,Leypart
350024072,Cylinder Repair Kit,1810,2450,87083000,divya,Leypart
350024073,Clamp Ring Repair Kit,370,500,87083000,divya,Leypart
350024074,Push Rod Assy Kit,1050,1420,87083000,divya,Leypart
350024092,Clamp Ring Kit,300,410,87083000,divya,Leypart
350024097,Cylinder Kit,1140,1540,87083000,divya,Leypart
350024099,Modified Ring Pack Piston Kit,2030,2750,87083000,divya,Leypart
350024104,Clamp Ring Kit SBA - (Type 16/16),320,440,87083000,divya,Leypart
350024105,Push Rod assy Kit SBA - (Type 16/16),1030,1400,87083000,divya,Leypart
350024106,Cylinder Kit SBA - (Type 16/16),1330,1800,87083000,divya,Leypart
350024116,BC Ty 16 Clamp Ring Repair Kit,300,410,87083000,divya,Leypart
350024120,LCV SBA Repair Kit,13220,17850,87083000,divya,Leypart
350024121,LCV BC Repair Kit,6150,8310,87169010,divya,Leypart
350024127,GSRTC-Hose Kit - AL,1600,2160,Not Found,divya,Leypart
350024130,160cc to 230cc Conversion Kit,12500,16880,87083000,divya,Leypart
350024146,M12 Special Washer with O Ring Kit,1310,1770,87083000,divya,Leypart
350024147,M14 Special Washer with O Ring Kit,1450,1960,Not Found,divya,Leypart
350024148,M16 Special Washer with O Ring Kit,1450,1960,87083000,divya,Leypart
350024149,M22 Special Washer with O Ring Kit,1750,2370,87083000,divya,Leypart
350024154,SBA Type 16/16 Clamp Ring Repair Kit,370,500,Not Found,divya,Leypart
350024155,SBA Type 16/16 Cylinder Repair Kit,1180,1600,87083000,divya,Leypart
350024158,SBA Sub Assembly Type 12/12,3140,4240,87083000,divya,Leypart
350024159,SBA Sub Assembly Type 24/24,3140,4240,Not Found,divya,Leypart
350024160,SBA Sub Assembly Type 24/24,3140,4240,Not Found,divya,Leypart
350024161,SBA Sub Assembly Type 20/24,3140,4240,Not Found,divya,Leypart
350024162,SBA Sub Assembly Type 24/24,3140,4240,Not Found,divya,Leypart
350024163,SBA Sub Assembly Type 16/24,3140,4240,Not Found,divya,Leypart
350024164,SBA Sub Assembly Type 16/16,3140,4240,Not Found,divya,Leypart
350024165,SBA Sub Assembly Type 24/24,3140,4240,Not Found,divya,Leypart
350024166,SBA Sub Assembly Type 24/24,3280,4430,87083000,divya,Leypart
350024168,SBA Cylinder with Ram kit,2950,3990,87083000,divya,Leypart
350024175,FC kit for KSRTC,15190,20510,Not Found,divya,Leypart
350024186,FC kit - AL 2516,7380,9970,Not Found,divya,Leypart
350024192,SUB ASSY KIT - ALU RAM,2780,3760,87083000,divya,Leypart
350025000,REPAIR KIT - QRV CONVERSION,1290,1750,87083000,divya,Leypart
350025001,REPAIR KIT - QRV,1210,1640,87083000,divya,Leypart
350026013,ULV TI top Cover Kit,320,440,87083000,divya,Leypart
350026033,Adjuster Valve Retrofitment kit -AL -QRV,2480,3350,Not Found,divya,Leypart
350026061,MSA Retro kit for AL,4086,6876,Not Found,divya,Leypart
350026062,MSA Retro kit for TML,3879,7336,Not Found,divya,Leypart
350026065,Desiccant & Plunger Combo kit,2780,3760,87083000,divya,Leypart
350026066,Conversion Kit,2950,3990,Not Found,divya,Leypart
350030013,COMBINATION KIT,8820,11910,87169010,divya,Leypart
350030029,TRAILER BRAKE KIT,18330,24750,87169010,divya,Leypart
350030040,Trailer Kit with reservoir 2Axle BC,18780,25360,87169010,divya,Leypart
350030041,Trailer Kit with reservoir 2Axle ty BC,8500,11480,87169010,divya,Leypart
350030050,Kit: Hose,17190,23210,Not Found,divya,Leypart
350030058,Trailer Kit (Tri Axle),5460,7380,87169010,divya,Leypart
350030060,Nylon Pipe 12mm OD,7510,10140,40169990,divya,Leypart
350030061,Nylon Pipe 6mm OD,2500,3380,40169990,divya,Leypart
350030064,Kit: Relay Emergency Valve,8950,12090,Not Found,divya,Leypart
350030065,TRAILER KIT,4420,5970,87169010,divya,Leypart
350030066,TRAILER KIT,10400,14040,87169010,divya,Leypart
350030070,BC Type 20 -Trailer Kit,6890,9310,87169010,divya,Leypart
350030077,Air Tank Kit,7570,10220,87169010,divya,Leypart
350030086,40FT 3A SW Kit,19710,26610,87169010,divya,Leypart
350030087,23FT 2A SW Kit,12700,17150,87169010,divya,Leypart
350030096,Tri Axle Zero Leak Complete Kit,19850,26800,87169010,divya,Leypart
350030110,TRAILER LQRV KIT,11050,14920,87169010,divya,Leypart
350030129,Pole wheel kit - FUWA,9150,12360,87169010,divya,Leypart
350030130,Pole wheel kit -AL,8710,11760,87169010,divya,Leypart
350030133,Pole Wheel with Braket kit- FUWA,8720,11780,87169010,divya,Leypart
350030136,TATA Pole WheelKit,8610,11630,87169010,divya,Leypart
350030137,YORK Pole Wheel Kit,8730,11790,87169010,divya,Leypart
350030139,King Kaveri Namakkal Kit,26740,36100,87169010,divya,Leypart
350030147,Kit: Twin-Axle conventional brake,21910,29580,Not Found,divya,Leypart
350030148,Nylon Pipe 8mm OD,3640,4920,40169990,divya,Leypart
350030149,Nylon Pipe 15mm OD,9530,12870,40169990,divya,Leypart
350033008,Diaphragm-Retainer kit(Vacuum Brake Valv,570,770,87083000,divya,Leypart
370001016,Abs Kit - AL Tusker Super 1612/ 1,66590,89900,87083000,divya,Leypart
370001020,ABS Retro fitment kit for AL 1613 (24V),64440,87000,87083000,divya,Leypart
370001026,4S 3M ABS retro fitment kit-AL 12Mtr Bus,52590,71000,87083000,divya,Leypart
370001029,ABS Retrokit - Ecomet 1014 4S3M 12V,53370,72050,87083000,divya,Leypart
370001030,ABS retrokit AL Boss 12V (BSVI) - 4S3M,52390,70730,87083000,divya,Leypart
370002016,ABS Retrofiment kit for TML - 709 (12 V),65700,88700,87083000,divya,Leypart
370002024,Kit: Inductive Sensor + ECU  ABS,71280,96230,Not Found,divya,Leypart
370002029,ABS Retrofitment kit for TML 1616 (24 V),64250,86740,87083000,divya,Leypart
370002031,ABS Retrofitment Kit for ML2518/2516 25V,49620,66990,87083000,divya,Leypart
370002035,ABS Retrofitment kit for TATA 3118(24V),56940,76870,Not Found,divya,Leypart
370002036,4S 3M ABS retro fitment kit-TATA1616-24V,51450,69460,87083000,divya,Leypart
370002037,ABS retrofit kit for TATA 712 (12V) Bus,57250,77290,87083000,divya,Leypart
370002038,ABS Kit-TATA BusModel 1512/1616 12V 4S3M,50630,68360,87083000,divya,Leypart
370002041,ABS Retro.Kit -TML 2515/2516EX 4S3M-12V,50750,68520,87083000,divya,Leypart
370002042,ABS Retrofitment Kit-TML 2518-4S3M-24V,51210,69140,87083000,divya,Leypart
370002043,4S 3M ABS Retro fitment kit without pole,40700,54950,87083000,divya,Leypart
370003003,VECV - ABS retro kit with 4S3M,49510,66840,87083000,divya,Leypart
370003011,ABS Installation kit for EML-20.16(24V),51150,69060,Not Found,divya,Leypart
370003015,ABS retro kit for TML 4S3M 12 V,51440,69450,87083000,divya,Leypart
370003016,ABS retro kit for TML 4S3M 24 V,52550,70950,87083000,divya,Leypart
370003022,ABS Retro Kit 4S3M - AL for MAV,52590,71000,87083000,divya,Leypart
370003023,ABS Retro Kit 4S3M - AL 1616,52710,71160,87083000,divya,Leypart
370003025,ABS Retrokit - VECV 2075 / TATA Ultra 11 - 4S3M - 12V,53180,71800,87083000,divya,Leypart
370005016,Tractor Cable Kit,12380,16720,87169010,divya,Leypart
370005022,TWIN AXLE ABS KIT FOR TRAILER,41950,56640,87169010,divya,Leypart
370005048,Tri axle kit with GHCV as per,61000,82350,87169010,divya,Leypart
370005052,Twin Axle Without Tank Kit,38860,52470,87169010,divya,Leypart
370005076,"SET, TRAILER",19290,26050,39173100,divya,Leypart
370005084,Kit: Tri-axle TEBS for mech susp,68910,93030,Not Found,divya,Leypart
370005086,ETASC KIT,60230,81320,87083000,divya,Leypart
370006005,ABS Retrofitment Kit - Daimler 2523R 24V,49450,66760,Not Found,divya,Leypart
370006011,ABS Retro kit - Bharath Benz 1014 - 4S3M - 24V,50400,68040,87083000,divya,Leypart
370007001,Hydraulic ABS kit for TATA407-Twin tyre,101250,136690,87083000,divya,Leypart
370007002,TATA 407-Single Tyre (407 HDT EX),95230,128570,87083000,divya,Leypart
370007006,HABS Retro fitment kit for VECV 10.80,74930,101160,Not Found,divya,Leypart
370007008,HABS Retrofitment kit-MahindraDI/TATA407,80230,108320,Not Found,divya,Leypart
370007011,Hydraulic ABS kit for TATA407-Twin tyre,94810,128000,87083000,divya,Leypart
370009017,4S2M TEBS retro fitment kit -FUWA Axle,101750,137370,87169010,divya,Leypart
370009018,4S2M TEBS retro fitment kit-York Axle,73100,98690,Not Found,divya,Leypart
370009019,4S2M TEBS retro fitment kit for AL Axle,76430,103190,Not Found,divya,Leypart
370009024,TEBS kit for Praxair (4S 2M without pole,60810,82100,Not Found,divya,Leypart
370009025,TEBS kit with Height sensor,90160,121720,87169010,divya,Leypart
370009057,ABS 24V KIT,29480,39800,87083000,divya,Leypart
370009058,ABS 12V KIT,23630,31910,87083000,divya,Leypart
370009064,Trailer Pulse Retro kit,24120,32570,87169010,divya,Leypart
370009065,Trailer Pulse hardware with battery,36140,48790,87169010,divya,Leypart
370009071,TEBS KIT A sper AIS 113 With GHCV for Ai,126320,170540,87083000,divya,Leypart
370009072,ABS Retrokit - T11 4S3M 12V (Without Frt polewheel),40040,54060,87083000,divya,Leypart
370009081,TEBS with 2 Yrs subscription on Trailer,101910,137580,Not Found,divya,Leypart
370009085,Pole wheel kit -AL,4400,5940,Not Found,divya,Leypart
370009088,YORK Pole Wheel Kit,4400,5940,Not Found,divya,Leypart
390023037,Slack Adjuster Kit - AL,3790,5120,87169010,divya,Leypart
390023038,Slack Adjuster Kit TATA Front HCV,3180,4300,87169010,divya,Leypart
390023039,Slack Adjuster Kit TATA Rear HCV,4050,5470,87083000,divya,Leypart
390023040,Slack Adjuster Kit TATA LCV Rear,4450,6010,87083000,divya,Leypart
390023041,Slack Adjuster Kit TATA LCV Front,3460,4680,87083000,divya,Leypart
390023042,MSA COMBO KIT,3690,4990,87169010,divya,Leypart
390026067,CLUTCH BOOSTER KIT,2310,3120,Not Found,divya,Leypart
390026077,Combo Kit,6310,8520,87169010,divya,Leypart
390028006,SPL SBA TATA,8780,22980,87169010,divya,Leypart
390028007,SBA TATA,8780,22940,87169010,divya,Leypart
390028053,HBS-SBA Cylinder Kit,4410,5960,87083000,divya,Leypart
390028054,HBS Kit - Cylinder Assy,4510,6090,87083000,divya,Leypart
390028055,Cylinder Kit,4390,5930,87083000,divya,Leypart
390028058,Twist lock SBA for trailer,8780,29580,87169010,divya,Leypart
390028059,SBA 9/9 Conversion kit,6510,8790,87083000,divya,Leypart
500050006,Automatic Slack Adjuster TATA/VECL Front,2340,3160,87083000,divya,Leypart
1006010002,Kit: Valve,720,980,Not Found,divya,Leypart
3250190074,Bearing,100,140,84839000,divya,Leypart
3250190084,Lip Seal,140,190,40169330,divya,Leypart
3250190092,Piston _AM,710,960,Not Found,divya,Leypart
3527130020,Air compressor Hose Assy M 26 Adapter,1820,2460,40091100,divya,Leypart
3527130030,Air compressor Hose assembly M22 Adapter,1950,2640,40091100,divya,Leypart
3527130050,Hose Assembly,340,460,40094200,divya,Leypart
3527130060,Hose Assembly,410,560,40094200,divya,Leypart
3527130070,Hose Assembly,460,630,40094200,divya,Leypart
3527130080,Hose Assembly,250,340,40094200,divya,Leypart
3527130090,Hose Assembly,260,360,40094200,divya,Leypart
3527130100,Hose Assembly,410,560,40094200,divya,Leypart
3527130110,Hose Assembly,460,630,40094200,divya,Leypart
3527130120,Hose Assembly,300,410,40094200,divya,Leypart
3527130130,Hose Assembly,410,560,40094200,divya,Leypart
3527130140,Hose Assembly,500,680,40094200,divya,Leypart
3527130150,Hose Assembly,580,790,40094200,divya,Leypart
3527130160,Hose Assembly,410,560,40094200,divya,Leypart
4006092070,SET PART NO 100900220,1440,1950,40169990,divya,Leypart
4006092250,SET PART NO 100900340,1230,1670,40169990,divya,Leypart
4006092260,SET PART NO 100900750,1840,2490,40092200,divya,Leypart
4006092270,SET PART NO 100902020,2450,3310,40092200,divya,Leypart
4006092280,SET PART NO 100902560,2110,2850,40169990,divya,Leypart
4006092290,SET PART NO 100902570,2390,3230,40169990,divya,Leypart
4006092300,SET PART NO 100902580,1880,2540,40092200,divya,Leypart
4006092310,SET PART NO 100903460,3000,4050,40092200,divya,Leypart
4006092320,SET PART NO 100903710,2760,3730,40092200,divya,Leypart
4006092330,SET PART NO 100903720,1710,2310,40092200,divya,Leypart
4006092340,SET PART NO 3527130050,1820,2460,40092200,divya,Leypart
4006092350,SET PART NO 3527130060,2180,2950,40092200,divya,Leypart
4006092360,SET PART NO 3527130070,2460,3330,40092200,divya,Leypart
4006092370,SET PART NO 3527130070,2180,2950,40094200,divya,Leypart
4006092380,SET PART NO 3527130130,2180,2950,40092200,divya,Leypart
4006092390,SET PART NO 3527130140,2780,3760,40092200,divya,Leypart
4006092400,SET PART NO 3527130160,2550,3450,40092200,divya,Leypart
4006094140,Drain Valve Set of 15nos,2000,2700,84818030,divya,Leypart
4006094160,Drain Valve with o rings Set of 15nos,1990,2690,84818030,divya,Leypart
4006094170,SBA Ty 24/24 Repair kit - Minor Set of 10,5450,7360,87083000,divya,Leypart
4006094180,Ty 24 Diaphragm Set of 10nos,3730,5040,40169990,divya,Leypart
4006094190,Ty 12 Diaphragm Set of 10nos,3780,5110,40169990,divya,Leypart
4006094730,Cylinder set,2430,3290,87083000,divya,Leypart
4006094750,cylinder set,2430,3290,87083000,divya,Leypart
4006094760,Cylinder set,2750,3720,87083000,divya,Leypart
4006094770,coupling and relay set,7880,10640,87169010,divya,Leypart
4006095630,Set Door Control Valve,7140,9640,Not Found,divya,Leypart
4006095890,"Set, Trailer",11920,16100,87083000,divya,Leypart
4006096490,SBA Set - Ty 30/30 High force,13040,17610,87083000,divya,Leypart
4006096500,SBA Set - Ty 24/24 High force,12070,16300,87169010,divya,Leypart
4006096510,SBA Set - Ty 24/24 High force,10380,14020,87169010,divya,Leypart
4006096780,Slack adjuster – AL trailer axle,3600,4860,87169010,divya,Leypart
4006097000,Kit: Hose+Diaphragm,2360,3190,Not Found,divya,Leypart
4006098630,"Set, Air Management",5530,7470,Not Found,divya,Leypart
4006098670,"Set, Air Management",5760,7780,Not Found,divya,Leypart
4006131370,"Set, Foundation Brake and Actuation",4155,8269,Not Found,divya,Leypart
4006131380,"Set, Foundation Brake and Actuation",4108,6942,Not Found,divya,Leypart
4006131390,"Set, Foundation Brake and Actuation",4426,6820,Not Found,divya,Leypart
4006131400,"Set, Foundation Brake and Actuation",4247,7240,Not Found,divya,Leypart
4008034000,Adjusting Valve,2740,3700,87083000,divya,Leypart
4111546506,Cylinder Head,1970,2660,Not Found,divya,Leypart
4111546514,Cover Machining,890,1210,87083000,divya,Leypart
4111548002,Cylinder Head assy,8230,11120,87083000,divya,Leypart
4214290210,Vaccum Exhaust Brake Assembly,2910,3930,87083000,divya,Leypart
4214290220,AIR CYLINDER,1900,2570,87083000,divya,Leypart
4214290230,EXHAUST BRAKE ASSY,4150,5610,87083000,divya,Leypart
4214290250,EXHAUST BRAKE ASSEMBLY,8710,11760,87083000,divya,Leypart
4214290260,Air cylinder,2290,3100,87083000,divya,Leypart
4214290290,AIR CYLINDER,900,1220,87083000,divya,Leypart
4214290360,Vaccum Exhaust Brake Assembly,4270,5770,87083000,divya,Leypart
4214290370,EXHAUST BRAKE ASSY - VECV,6490,8770,87083000,divya,Leypart
4214290380,EXHAUST BRAKE ASSEMBLY,4560,6160,87083000,divya,Leypart
4214290390,Vaccum Cylinder,660,900,87083000,divya,Leypart
4214290400,Air Cylinder Assy,1850,2500,87083000,divya,Leypart
4214290660,AIR CYLINDER,1850,2500,87083000,divya,Leypart
4214290670,EBA BS IV,8130,10980,87083000,divya,Leypart
4214290690,EBV,6360,8590,87083000,divya,Leypart
4214290700,EXHAUST BRAKE ASSY,4300,5810,87083000,divya,Leypart
4214290710,Dia 100 EBA MTBD BS IV,7890,10660,87083000,divya,Leypart
4214290790,EBA 100 dia,6440,8700,87083000,divya,Leypart
4214290870,EBA 73 dia- Mahindra ICV,5270,7120,87083000,divya,Leypart
4214290920,VEBA 66 dia- Daimler,3890,5260,87083000,divya,Leypart
4214291610,Exhaust Brake assembly,7810,10550,Not Found,divya,Leypart
4214292150,VACUUM EXHAUST BRAKE ASSEMBLY,1430,1940,87083000,divya,Leypart
4214292650,Exhaust Brake Assembly-E494 Bus,8800,11880,87083000,divya,Leypart
4214292690,EBA-TRUCK,9600,12960,87083000,divya,Leypart
4214292980,EBA BS6 73 dia,6080,8210,87083000,divya,Leypart
4214293880,Exhaust Brake,5550,7500,84213920,divya,Leypart
4214299792,EBV Kit,840,1140,87083000,divya,Leypart
4214299812,Kit: Seal,1590,2150,Not Found,divya,Leypart
4228140092,Limit Switch,7640,10320,84213920,divya,Leypart
4228140132,Flow Control Valve,1330,1800,Not Found,divya,Leypart
4228140182,Pressure Switch Adaptor Assembly,3110,4200,84213920,divya,Leypart
4228140214,Piston Rod _AM,140,190,Not Found,divya,Leypart
4228140232,Bracket assembly,410,560,Not Found,divya,Leypart
4228140240,Door Operating Cylinder Ø63-160,5640,7620,84123100,divya,Leypart
4228140250,Door Cylinder Dia 63 by 200 mm,5400,7290,84123100,divya,Leypart
4228140282,Baseplate _AM,430,590,Not Found,divya,Leypart
4228140340,Reset Switch,500,680,Not Found,divya,Leypart
4228140350,Rocker Switch,410,560,85365090,divya,Leypart
4228140360,Buzzer,490,670,Not Found,divya,Leypart
4228140394,Plate,70,100,Not Found,divya,Leypart
4228140472,Mounting Assembly,520,710,84123100,divya,Leypart
4228140514,T - Connector 6x6x6,140,190,Not Found,divya,Leypart
4228140584,Pneumatic Hose Ø6,380,520,Not Found,divya,Leypart
4228140604,T connector 8X8X8,140,190,Not Found,divya,Leypart
4228140673,Mounting Assembly,390,530,84123100,divya,Leypart
4228140684,Piston Rod,230,320,Not Found,divya,Leypart
4228140702,Bracket Fork,160,220,84123100,divya,Leypart
4228140730,Internal Emergency Valve,1750,2370,73209090,divya,Leypart
4228140740,External Emergency Valve,1750,2370,73209090,divya,Leypart
4228140750,Limit Switch,900,1220,Not Found,divya,Leypart
4228140804,Reducer Ø8 to Ø6,170,230,Not Found,divya,Leypart
4228140852,Pressure Switch Adaptor Assembly,2180,2950,87083000,divya,Leypart
4228140900,Door Control System Kit,11360,15340,84123100,divya,Leypart
4228140910,Door Control System Kit,8400,11340,84123100,divya,Leypart
4228140920,Door Control System Kit,12560,16960,84123100,divya,Leypart
4228140930,Door Control System Kit,5190,7010,Not Found,divya,Leypart
4228140940,Door Control System Kit,12410,16760,84123100,divya,Leypart
4228140950,Door Control System Kit- In Swing Bottom,17440,23550,84123100,divya,Leypart
4228140960,Door Control System Kit,13040,17610,84123100,divya,Leypart
4228140970,Door Control System Kit,17110,23100,84123100,divya,Leypart
4228140980,Door Control System Kit,12640,17070,Not Found,divya,Leypart
4228140990,Door Control System Kit,9750,13170,Not Found,divya,Leypart
4228141000,Door Control System Kit,10000,13500,Not Found,divya,Leypart
4228141042,Bracket Assembly,660,900,Not Found,divya,Leypart
4228141084,Plate- Switch Mounting,90,130,Not Found,divya,Leypart
4230540030,Brake chamber servo 16,2830,3830,87083000,divya,Leypart
4231020170,Brake Chamber Type 9,2550,3450,Not Found,divya,Leypart
4231029202,Kit: Diaphragm + Boot,380,520,Not Found,divya,Leypart
4231030012,Pressure Plate Type 12,530,720,87083000,divya,Leypart
4231030022,Cylinder Cover Type 12,580,790,Not Found,divya,Leypart
4231030070,Brake Chamber Type 12,2160,2920,87083000,divya,Leypart
4231030080,Brake Chamber Type 12,2070,2800,87083000,divya,Leypart
4231030120,BRAKE CHAMBER,1950,2640,87083000,divya,Leypart
4231030230,Brake Chamber Ty 12,2110,2850,87083000,divya,Leypart
4231030240,Ty 12 BC - VECV,2300,3110,87083000,divya,Leypart
4231030250,Ty 12 BC,2010,2720,87083000,divya,Leypart
4231030310,Brake Chamber - Type 12,1530,2070,87083000,divya,Leypart
4231030364,Adapter,140,190,85441990,divya,Leypart
4231030382,Kit: Diaphragm,240,330,Not Found,divya,Leypart
4231040140,BRAKE CHAMBER,2400,3240,87083000,divya,Leypart
4231040170,Brake Chamber Ty 16,2240,3030,87083000,divya,Leypart
4231040280,Type 16 BC with Zero degree orientation,2230,3020,87083000,divya,Leypart
4231040360,Ty 16 Brake Chamber with test connector,2590,3500,87083000,divya,Leypart
4231040420,TY 16 BC Mahindra,2310,3120,87083000,divya,Leypart
4231040480,Brake Chamber Type 16,2400,3240,87083000,divya,Leypart
4231044420,Brake Chamber 16,2420,3270,Not Found,divya,Leypart
4231044450,Brake Chamber Type 16,3140,4240,87083000,divya,Leypart
4231050120,Brake Chamber 20 - LH,2110,2850,87083000,divya,Leypart
4231050160,Brake Chamber 20,1960,2650,Not Found,divya,Leypart
4231051220,Type 20 BC,2580,3490,87083000,divya,Leypart
4231051380,TY 20 BC VECV,2240,3030,87083000,divya,Leypart
4231051410,Type 20 BC,2350,3180,87083000,divya,Leypart
4231051460,Brake chamber Ty 20,3000,4050,87083000,divya,Leypart
4231051470,Brake Chamber Type 20,2320,3140,87083000,divya,Leypart
4231051510,T20 BC 215 SO VECV,3140,4240,87083000,divya,Leypart
4231051520,Brake Chamber,1570,2120,Not Found,divya,Leypart
4231060160,Brake Chamber Ty 24,2950,3990,87083000,divya,Leypart
4231060170,Brake Chamber Type 24,3660,4950,87083000,divya,Leypart
4231060180,Brake Chamber Ty 24,4060,5490,87083000,divya,Leypart
4231060332,Cylinder Type 24,470,640,Not Found,divya,Leypart
4231060352,Cylinder Cover Type 24,650,880,Not Found,divya,Leypart
4231060500,Brake Chamber (Ty 24),2890,3910,87083000,divya,Leypart
4231061460,Brake Chamber 24,2580,3490,87169010,divya,Leypart
4231061540,Ty 24 BC Trailer Market,2780,3760,87169010,divya,Leypart
4231061560,Brake Chamber 24,3490,4720,Not Found,divya,Leypart
4231061640,TY 24 BC Trailer,1970,2660,87169010,divya,Leypart
4231061650,TY 24 BC DICV,2730,3690,87083000,divya,Leypart
4231062160,TY 24 BC DICV,2780,3760,87083000,divya,Leypart
4231062190,Brake Chamber Type 24,2970,4010,87083000,divya,Leypart
4231062200,Brake Chamber Type 24,2790,3770,87083000,divya,Leypart
4231062540,Brake Chamber,3030,4100,87083000,divya,Leypart
4231063030,Brake Chamber Ty.24,3650,4930,87083000,divya,Leypart
4231063040,Brake Chamber Ty.24,3250,4390,87083000,divya,Leypart
4231063050,Brake Chamber Ty.24,3960,5350,87083000,divya,Leypart
4231063120,Brake Chamber T24,3300,4460,Not Found,divya,Leypart
4231063210,Brake Chamber,2930,3960,87083000,divya,Leypart
4231063220,T24 BC VECV Pro8000,4940,6670,87083000,divya,Leypart
4231069242,Kit: Diaphragm + Boot,1030,1400,Not Found,divya,Leypart
4231069282,Kit: Diaphragm + Boot,490,670,Not Found,divya,Leypart
4231069332,Kit: Diaphragm (type 24),450,610,Not Found,divya,Leypart
4231069342,Kit: Flange,360,490,Not Found,divya,Leypart
4231069352,Kit: Diaphragm,340,460,Not Found,divya,Leypart
4231070350,Type 30 BC,2680,3620,87083000,divya,Leypart
4231070370,Ty 30 BC- TML,3530,4770,87083000,divya,Leypart
4231070460,Brake Chamber,3590,4850,87083000,divya,Leypart
4231070560,TY 30 BC with Test Connector,3910,5280,87083000,divya,Leypart
4231070750,TY 27 BRAKE CHAMBER,3220,4350,87083000,divya,Leypart
4231090270,Brake Chamber type 27,3650,4930,87083000,divya,Leypart
4231090320,Brake Chamber -Type 27 RH,3280,4430,87083000,divya,Leypart
4231090330,Brake Chamber -Type 27 LH,3180,4300,87083000,divya,Leypart
4231090360,Brake Chamber - Type 27,5120,6920,87083000,divya,Leypart
4231090400,Brake Chamber type 27,4250,5740,87083000,divya,Leypart
4231090420,Brake Chamber type 27,3750,5070,87083000,divya,Leypart
4231090810,Brake Chamber Type 27,4470,6040,87083000,divya,Leypart
4231090840,Brake Chamber Type 27,4730,6390,87083000,divya,Leypart
4231090972,BC repair kit,520,710,87083000,divya,Leypart
4231091072,Kit: Diaphragm,410,560,Not Found,divya,Leypart
4231091150,TY 27 Brake Chamber,4020,5430,87083000,divya,Leypart
4231091420,T27 BC VECV Pro8000,3170,4280,87083000,divya,Leypart
4231099222,Kit: Piston,940,1270,Not Found,divya,Leypart
4231099232,Kit: Diaphragm,580,790,Not Found,divya,Leypart
4231140230,Brake Chamber,2250,3040,87083000,divya,Leypart
4231140290,Brake Chamber Type - 14,2800,3780,Not Found,divya,Leypart
4235040650,Brake Chamber Disc-Type 16,4170,5630,87083000,divya,Leypart
4235040880,BRAKE CHAMBER DISC-TYPE 16,4300,5810,87083000,divya,Leypart
4235049202,Kit: Diaphragm,940,1270,Not Found,divya,Leypart
4235109202,Kit: Diaphragm,940,1270,Not Found,divya,Leypart
4235140260,T14 Disc brake chamber,6120,8270,87083000,divya,Leypart
4235140270,TY 14 Disc Brake chamber,6000,8100,87083000,divya,Leypart
4239296562,Cylinder Cover,880,1190,Not Found,divya,Leypart
4324100990,Single Chamber Air Dryer + Unloader,22330,30150,87083000,divya,Leypart
4324102520,Air Dryer,8720,11780,Not Found,divya,Leypart
4324103300,Air Dryer,7620,10290,Not Found,divya,Leypart
4324136514,Cover,1750,2370,87083000,divya,Leypart
4324150850,"Air Dryer, Unloader, Regeneration Valve",11950,16140,87083000,divya,Leypart
4324150860,AIR PROCESSING UNIT 10.6 BAR,12300,16610,87083000,divya,Leypart
4324150870,"Air Dryer, Unloader, Regeneration Valve",8570,11570,87083000,divya,Leypart
4324150892,Air drier repair kit,1760,2380,87083000,divya,Leypart
4324150922,Repair Kit,1990,2690,87083000,divya,Leypart
4324151030,"Air Dryer, Unloader, Regeneration Valve",17530,23670,87083000,divya,Leypart
4324200250,AIR DRYER,20300,27410,87083000,divya,Leypart
4324200300,Air Dryer with ASP+,12180,16450,87083000,divya,Leypart
4324200320,Single Chamber Air Dryer,15130,20430,Not Found,divya,Leypart
4324200370,AIR DRYER,11630,15710,87083000,divya,Leypart
4324200380,Single-Chamber Air Dryer,8320,11240,87083000,divya,Leypart
4324200592,Air drier repair kit,1030,1400,87083000,divya,Leypart
4324200670,Air dryer,8290,11200,87083000,divya,Leypart
4324200690,Air Dryer,8590,11600,84213920,divya,Leypart
4324200700,Air Dryer,21250,28690,87083000,divya,Leypart
4324200710,Air Dryer,25090,33880,84213990,divya,Leypart
4324200720,Air Dryer,30250,40840,Not Found,divya,Leypart
4324200730,ir Dryer,17190,23210,Not Found,divya,Leypart
4324203510,Air dryer with STD Cartridge,9980,13480,87083000,divya,Leypart
4324204510,AIR DRYER WITH STD CARTRIDGE,9820,13260,87083000,divya,Leypart
4324209292,Kit: Valve,580,790,Not Found,divya,Leypart
4324209902,Kit: Valve,650,880,Not Found,divya,Leypart
4324700022,Cartridge,4210,5690,87083000,divya,Leypart
4324700050,COMPACT DDU-TML,11900,16070,87083000,divya,Leypart
4324700290,DDU-AL,10820,14610,87083000,divya,Leypart
4324700380,Air Dryer with Purge Tank,11670,15760,Not Found,divya,Leypart
4324700450,Drying & distribution Unit (450),12350,16680,87083000,divya,Leypart
4324700520,DRYING AND DISTRIBUTION UNIT,10570,14270,87083000,divya,Leypart
4324700550,DRYING & DISTRIBUTION UNIT,9960,13450,87083000,divya,Leypart
4331410202,Kit: Switch + Boot,7490,10120,Not Found,divya,Leypart
4331419252,Kit: Switch + Boot,15350,20730,Not Found,divya,Leypart
4332250000,Automatic Slack Adjuster 140LCV,2600,3510,Not Found,divya,Leypart
4332250440,ASA,2830,3830,87083000,divya,Leypart
4332250500,Automatic slack adjuster,2930,3960,87083000,divya,Leypart
4332250560,ASA,2770,3740,87083000,divya,Leypart
4332250590,Automatic Slack Adjuster,3010,4070,87083000,divya,Leypart
4332250630,ASA,2890,3910,87083000,divya,Leypart
4332250640,ASA,2930,3960,87083000,divya,Leypart
4332250710,ASA,2600,3510,87083000,divya,Leypart
4332250720,ASA,2870,3880,87083000,divya,Leypart
4332250730,ASA,2920,3950,87083000,divya,Leypart
4332250840,ASA ASSY,2890,3910,87083000,divya,Leypart
4332250850,ASA,2760,3730,87083000,divya,Leypart
4332250940,Automatic Slack Adjuster,2940,3970,87083000,divya,Leypart
4332250950,Automatic Slack Adjuster-SML,2930,3960,87083000,divya,Leypart
4332250980,Automatic Slack Adjuster,3500,4730,87083000,divya,Leypart
4332250990,Automatic Slack Adjuster,2890,3910,Not Found,divya,Leypart
4332251010,Automatic Slack Adjuster,3060,4140,Not Found,divya,Leypart
4332251140,Automatic SlackAdjuster,3520,4760,87083000,divya,Leypart
4332251480,Automatic Slack Adjuster,3010,4070,87083000,divya,Leypart
4332251490,Automatic Slack Adjuster,4530,6120,Not Found,divya,Leypart
4332251590,Automatic Slack Adjuster,2890,3910,87083000,divya,Leypart
4332252340,Automatic Slack Adjuster,3550,4800,87083000,divya,Leypart
4332252350,Automatic Slack Adjuster,3550,4800,87083000,divya,Leypart
4332259382,Kit: Gear Wheel,1050,1420,Not Found,divya,Leypart
4332259392,Kit: Bracket + Locking Piece,690,940,87083000,divya,Leypart
4332259452,Kit: Gear Wheel,1030,1400,Not Found,divya,Leypart
4333000040,Arm Assembly,1790,2420,87083000,divya,Leypart
4333000080,Arm Assembly,2110,2850,87083000,divya,Leypart
4339587182,ARM,730,990,87083000,divya,Leypart
4339597122,Arm sub assy,1170,1580,87083000,divya,Leypart
4343000090,Drain Valve Assembly,150,210,84818030,divya,Leypart
4343000180,Drain Valve,330,450,87083000,divya,Leypart
4345000214,Body,250,340,Not Found,divya,Leypart
4410010390,Stop Light Switch,370,500,85122010,divya,Leypart
4410010522,EDC Switch,890,1210,87083000,divya,Leypart
4410010542,Clutch switch with wiring harness,780,1060,85443000,divya,Leypart
4410010570,Stop Light Switch,250,340,85122010,divya,Leypart
4410020020,Switch SOS CALL,270,370,87083000,divya,Leypart
4410060140,Stop Light Switch,340,460,85122010,divya,Leypart
4410140840,Pressure switch,8670,11710,82090090,divya,Leypart
4410140980,Pressure Switch,2910,3930,Not Found,divya,Leypart
4410141350,Pressure Switch,5740,7750,87083000,divya,Leypart
4410322060,ABS - Wheel Speed Sensor (L Type) & Inductive sensor with HT tape L Type,2480,3350,87083000,divya,Leypart
4410322070,Inductive Sensor with Socket and HT tape,2420,3270,Not Found,divya,Leypart
4410322080,INDUCTIVE SENSOR WITH SOCKET & HT TAPE,1370,1850,87083000,divya,Leypart
4410322090,Inductive Sensor With socket & HT Tape,1920,2600,87083000,divya,Leypart
4410323190,Inductive Sensor with Plug,2840,3840,Not Found,divya,Leypart
4410323880,Abs sensor type B 5300mm,3420,4620,87083000,divya,Leypart
4410351270,Inductive sensor with plug,4270,5770,87083000,divya,Leypart
4410370050,Input Speed Sensor,3820,5160,87083000,divya,Leypart
4410371180,Active speed sensor,5090,6880,87083000,divya,Leypart
4410461020,PRESSURE SENSOR MODULE,2730,3690,87083000,divya,Leypart
4420034231,Valve Solenoid,1150,1560,87083000,divya,Leypart
4460046460,ABS ECU,20570,27770,87083000,divya,Leypart
4460046530,ECU ABS BASIC 12V,21970,29660,87083000,divya,Leypart
4463000320,Universal test bench,215200,290520,84663020,divya,Leypart
4463000330,Press tool,56460,76230,84663020,divya,Leypart
4463000340,Work table,73730,99540,73090010,divya,Leypart
4463000424,RAM BEARING GUIDE TOOL,2390,3230,84663020,divya,Leypart
4463000440,SBA / DDU STAND & FIXER,16500,22280,84663020,divya,Leypart
4463000450,VACUUM BRAKE VALVE FIXER,15970,21560,84663020,divya,Leypart
4463000644,READ VALVE REVITING TOOL,1600,2160,84663020,divya,Leypart
4463000700,DOUBLE DIAPHARAM VACCUM BRAKE VALVE LOCK,10010,13520,84663020,divya,Leypart
4463000710,AIR COMPRESSOR SINGLE PIECE CONNECTING R,3700,5000,84663020,divya,Leypart
4463000720,NLC / ASA TOOL,5010,6770,84663020,divya,Leypart
4463000730,AIR COMPRESSOR TOOL,6260,8460,84663020,divya,Leypart
4463000740,SBA / TWIST LOCK TOOL,9100,12290,87083000,divya,Leypart
4463000750,SEAL PRESSING TOOL,3870,5230,84663020,divya,Leypart
4463000760,DUAL BRAKE VALVE FIXER,4160,5620,84663020,divya,Leypart
4471000150,Wiring Harness ABS-4S/3M,21190,28610,Not Found,divya,Leypart
4471000550,Frame Harness,17130,23130,85443000,divya,Leypart
4471000620,Frame Harness,14290,19300,85443000,divya,Leypart
4471000650,Frame Harness,14290,19300,85443000,divya,Leypart
4471000660,Frame Harness,17240,23280,85443000,divya,Leypart
4471000680,Frame Harness,13640,18420,85443000,divya,Leypart
4471000690,Frame Harness,14290,19300,85443000,divya,Leypart
4471000700,Frame Harness,14290,19300,85443000,divya,Leypart
4471000710,Frame Harness,15720,21230,85443000,divya,Leypart
4471000730,Split ABS Harness,3940,5320,85443000,divya,Leypart
4471000750,Split ABS Harness,18060,24390,85443000,divya,Leypart
4471000760,Split ABS Harness,3910,5280,85443000,divya,Leypart
4471000850,Frame Harness,15720,21230,85443000,divya,Leypart
4471000860,Pigtail Harness,1470,1990,85443000,divya,Leypart
4471001090,Wiring Harness ABS-4S/3M,15720,21230,40169990,divya,Leypart
4471001120,Frame Harness,15720,21230,85443000,divya,Leypart
4471001140,Frame Harness,17200,23220,85443000,divya,Leypart
4471001150,Wiring Harness ABS - 4S/3M Frame,17300,23360,Not Found,divya,Leypart
4471001170,Frame Harness,17130,23130,85443000,divya,Leypart
4471001260,Wiring Harness ABS-Split,1980,2680,85443000,divya,Leypart
4471001410,Frame Harness,14290,19300,85443000,divya,Leypart
4471002180,Wiring Harness,3940,5320,85443000,divya,Leypart
4471002400,Wiring Harness ABS(4S/2M),16350,22080,85443000,divya,Leypart
4471003480,Wiring Harness ABS 4S/4M Frame,17140,23140,85443000,divya,Leypart
4471003570,Frame Harness 4S 3M,10330,13950,85443000,divya,Leypart
4471003690,Wiring Harness ABS-4S/4M FRAME,14850,20050,85443000,divya,Leypart
4471004540,Frame Wiring Harness,9460,12780,85443000,divya,Leypart
4471004550,Wiring Harness ABS-4S/4M FRAME,10060,13590,85443000,divya,Leypart
4471005080,Wiring Harness ABS-4S/3M FRAME,9570,12920,85443000,divya,Leypart
4471005150,Split Harness,3300,4460,85443000,divya,Leypart
4471005490,Wiring Harness,3440,4650,85443000,divya,Leypart
4471005660,Wiring Harness ABS - 4S/4M FRAME,11470,15490,85443000,divya,Leypart
4471005840,Frame Harness,11400,15390,85443000,divya,Leypart
4471005940,Split Harness,3590,4850,85443000,divya,Leypart
4471005950,Frame Harness,11280,15230,85443000,divya,Leypart
4471006180,WIRING HARNESS ABS-4S/3M FRAME,5490,7420,85443000,divya,Leypart
4471006290,Wiring Harness ABS -4S/3M Frame,7030,9500,85443000,divya,Leypart
4471006680,Wiring Harness ABS -4S/3M Frame,5180,7000,85443000,divya,Leypart
4471006780,Wiring Harness ABS - 4S/4M Frame,15660,21150,85443000,divya,Leypart
4471006880,Wiring Harness ABS - 4S/4M Frame,6630,8960,85443000,divya,Leypart
4471006910,Wiring Harness ABS - 4S/4M Frame,4830,6530,85443000,divya,Leypart
4471007000,Wiring Harness ABS - 4S/4M FRAME,7460,10080,85443000,divya,Leypart
4471007080,Wiring Harness ABS - 4S/3M Frame,10430,14090,85443000,divya,Leypart
4471007100,Wiring Harness ABS - 4S/4M Frame,10000,13500,85443000,divya,Leypart
4471007150,Wiring Harness ABS - 4S/4M Frame,7310,9870,85443000,divya,Leypart
4471007220,Wiring Harness ABS - 4S/3M Frame,8670,11710,85443000,divya,Leypart
4471007230,Wiring Harness ABS - 4S/3M Frame,6980,9430,85443000,divya,Leypart
4471007240,ABS wiring harness,6560,8860,85443000,divya,Leypart
4471007280,Wiring Harness ABS - 4S/3M Frame,8230,11120,85443000,divya,Leypart
4473000260,WIRING HARNESS ECAS - CHASSIS,20630,27860,85443000,divya,Leypart
4473000270,WIRING HARNESS ECAS - CABIN,1980,2680,85443000,divya,Leypart
4477000030,Wiring Harness VTS # SOS Power Supply,1960,2650,85443000,divya,Leypart
4477000060,WIRING HARNESS VTS # SOS SWITCH AC RH SI,1900,2570,85443000,divya,Leypart
4477000282,Wiring harness IPU,480,650,85443000,divya,Leypart
4512000030,Air reservoir,3050,4120,84213920,divya,Leypart
4526400060,HOSE ASSEMBLY,490,670,40169990,divya,Leypart
4526400210,Hose - 600mm,510,690,40169990,divya,Leypart
4526400220,Hose - 570mm,500,680,40169990,divya,Leypart
4526400230,Hose - 350mm,420,570,40169990,divya,Leypart
4526400240,Hose - 400mm,630,860,40169990,divya,Leypart
4526400690,Hose connection,1070,1450,40091100,divya,Leypart
4526400700,Hose connection,680,920,40091100,divya,Leypart
4526400710,Hose Connector,1070,1450,40091100,divya,Leypart
4526400850,Hose Assembly,320,440,40169990,divya,Leypart
4526400860,Hose Assembly,310,420,40169990,divya,Leypart
4526400870,Hose Assembly,310,420,40169990,divya,Leypart
4526400900,Hose Assembly,440,600,40169990,divya,Leypart
4526400930,Hose Assembly,1300,1760,40169990,divya,Leypart
4526400940,Hose Assembly,1180,1600,40169990,divya,Leypart
4526400950,Hose Assembly,1760,2380,40169990,divya,Leypart
4526400960,Hose Connection,1450,1960,40169990,divya,Leypart
4526400970,Hose Assembly,1730,2340,40169990,divya,Leypart
4526400980,Hose Assembly,1640,2220,40169990,divya,Leypart
4526401200,Hose Assembly,840,1140,84213920,divya,Leypart
4526401870,Hose Assembly,1030,1400,40169990,divya,Leypart
4526980090,Clutch Hose,5230,7070,87089300,divya,Leypart
4526980160,Clutch Hose,5100,6890,87089300,divya,Leypart
4526980170,Hose connection,5490,7420,87080000,divya,Leypart
4529050000,High temperature hose assembly,1390,1880,Not Found,divya,Leypart
4529070024,Hose,3310,4470,Not Found,divya,Leypart
4529070034,Hose,4020,5430,Not Found,divya,Leypart
4529070194,Hose,3170,4280,Not Found,divya,Leypart
4529070204,HOSE,680,920,40169990,divya,Leypart
4610010050,Foot Brake Valve,7550,10200,87083000,divya,Leypart
4610010060,Foot Brake Vale,6320,8540,87083000,divya,Leypart
4610010070,FBV Assy,6810,9200,87083000,divya,Leypart
4610010080,Foot Brake Valve,5810,7850,87083000,divya,Leypart
4611000040,DUAL BRAKE VALVE,4960,6700,87083000,divya,Leypart
4611000070,Dual Brake Vale,6510,8790,87083000,divya,Leypart
4611000080,Dual Brake Valve with spout,7240,9780,87083000,divya,Leypart
4611000090,DUAL BRAKE VALVE,7920,10700,87083000,divya,Leypart
4611000100,Foot Brake Valve,6580,8890,87083000,divya,Leypart
4611000110,DUAL BRAKE VALVE,7790,10520,87083000,divya,Leypart
4611000130,DUAL BRAKE VALVE,5580,7540,87083000,divya,Leypart
4611000160,Foot Brake Valve,5450,7360,87083000,divya,Leypart
4611000630,Foot Brake Valve - NGICV,7190,9710,87083000,divya,Leypart
4611000710,Foot Brake Valve,6610,8930,87083000,divya,Leypart
4611000740,Foot Brake Valve (Terra),5680,7670,87083000,divya,Leypart
4611000770,DUAL BRAKE VALVE,5550,7500,87083000,divya,Leypart
4611000790,DUAL BRAKE VALVE,7280,9830,87083000,divya,Leypart
4611000800,Foot Brake Valve,4870,6580,87083000,divya,Leypart
4611000820,Foot Brake Valvefor MTBT,8560,11560,87083000,divya,Leypart
4611000900,Foot Brake Valve,4750,6420,87083000,divya,Leypart
4611001042,Kit: Valve,650,880,Not Found,divya,Leypart
4611001052,Kit: Valve,760,1030,Not Found,divya,Leypart
4611001070,Foot Brake Valve,4330,5850,87083000,divya,Leypart
4611001180,FOOT BRAKE VALVE,5100,6890,84213920,divya,Leypart
4611001202,Kit: Silencer,90,130,Not Found,divya,Leypart
4611001230,FOOT BRAKE VALVE,6950,9390,87083000,divya,Leypart
4611001240,FOOT BRAKE VALVE,4620,6240,87083000,divya,Leypart
4611001250,Foot Brake Valve,5300,7160,87083000,divya,Leypart
4611001270,FOOT BRAKE VALVE,4820,6510,87083000,divya,Leypart
4611001370,Foot Brake Valve,8980,12130,Not Found,divya,Leypart
4611009232,Kit: Valve,870,1180,Not Found,divya,Leypart
4611009242,Kit:Valve,930,1260,Not Found,divya,Leypart
4613036214,Piston machining,1010,1370,87083000,divya,Leypart
4613186120,Foot Brake Valve,32420,43770,Not Found,divya,Leypart
4613330060,Foot Brake Valve,10800,14580,87083000,divya,Leypart
4619057172,TREADLE,2320,3140,87083000,divya,Leypart
4619060154,Upper body,1830,2480,87083000,divya,Leypart
4619070104,Lower body machining,1930,2610,87083000,divya,Leypart
4624000000,Double Diaphram VBV 9+9 inch,11120,15020,87083000,divya,Leypart
4624001000,"9""+8"" DDVBV & 1 1/8"" TMC CV/CV Type",10400,14040,87083000,divya,Leypart
4624008030,Vacuum Brake Booster,2670,3610,Not Found,divya,Leypart
4624008040,Vacuum Brake Valve,2720,3680,Not Found,divya,Leypart
4630499202,Kit: Sealing Ring,290,400,Not Found,divya,Leypart
4631000000,LACV (Lift Axle Control Valve),16360,22090,87083000,divya,Leypart
4631000010,LACV-5.6 Bar,15670,21160,87083000,divya,Leypart
4631000020,Daimler LACV,23530,31770,87083000,divya,Leypart
4631000060,LIFT AXLE CONTROL VALVE,6080,8210,87083000,divya,Leypart
4631000630,LACV-Single Box-5.8 Bar,14090,19030,87083000,divya,Leypart
4631000712,Kit: Valve Solenoid,2400,3240,87083000,divya,Leypart
4631000784,"Cover Top, Machining",170,230,87083000,divya,Leypart
4631000850,Lift-Axle Control Valve - Trailer,4890,6610,87169010,divya,Leypart
4631001030,Control Unit ELAC 3123R 6600WB,21200,28620,87083000,divya,Leypart
4631009202,LACV/ECAS 3/2 Solenoid Valve Kit,6470,8740,87083000,divya,Leypart
4631009222,Kit: Seal,410,560,Not Found,divya,Leypart
4631009232,Kit: Seal,400,540,Not Found,divya,Leypart
4631009242,Kit: Seal,450,610,Not Found,divya,Leypart
4631009252,Kit: Solenoid Valve,1410,1910,Not Found,divya,Leypart
4631009262,Kit: Valve,410,560,Not Found,divya,Leypart
4640026000,Leveling Valve,7490,10120,87083000,divya,Leypart
4664116000,"1 1/8"" Tandem Master Cylinder CV/CV Type",4320,5840,Not Found,divya,Leypart
4674000010,Load Detection Valve,3480,4700,87083000,divya,Leypart
4674000020,Load Deduction Valve - 5.6 bar,4180,5650,87083000,divya,Leypart
4674000030,Daimler LDV,5320,7190,87083000,divya,Leypart
4674000180,Load Deduction Valve,4430,5990,87083000,divya,Leypart
4700530280,Master Cylinder,1720,2330,87089300,divya,Leypart
4700530310,Clutch Master Cylinder,1650,2230,87089300,divya,Leypart
4700530320,Clutch Master Cylinder,8950,12090,87083000,divya,Leypart
4700530360,Master Cylinder,2450,3310,87083000,divya,Leypart
4700530380,Clutch Master Cylinder,1090,1480,87083000,divya,Leypart
4700530490,Master Cylinder,1520,2060,87089300,divya,Leypart
4700530500,Clutch Master Cylinder,2530,3420,87089300,divya,Leypart
4700530932,Reapir kit,590,800,87083000,divya,Leypart
4700531480,Clutch Master Cylinder,1420,1920,Not Found,divya,Leypart
4700531490,Clutch Master Cylinder,1210,1640,Not Found,divya,Leypart
4700531590,Clutch Master Cylinder,1040,1410,Not Found,divya,Leypart
4700538000,Clutch Master Cylinder - 25.4 MM,1240,1680,87089300,divya,Leypart
4700538010,Clutch Master Cylinder,1180,1600,Not Found,divya,Leypart
4700539222,Master cylinder repair kit,1090,1480,87083000,divya,Leypart
4700539232,CMC Kit,1020,1380,87083000,divya,Leypart
4721740030,SOLENOID VALVE -3/2,5530,7470,87083000,divya,Leypart
4721740060,Solenoid Valve,7490,10120,87083000,divya,Leypart
4721740080,Solenoid Valve -3/2,7540,10180,87083000,divya,Leypart
4721740090,Solenoid Valve,8190,11060,40169990,divya,Leypart
4721740230,Solenoid Valve,11110,15000,87083000,divya,Leypart
4721742260,3/2 Solenoid Valve,7100,9590,87083000,divya,Leypart
4721950880,Solenoid Modulator Valve 12V,5200,7020,87083000,divya,Leypart
4721950890,Solenoid Modulator Valve 12V,5430,7340,87083000,divya,Leypart
4721951200,12 V modulator Valve with voss,5070,6850,87083000,divya,Leypart
4721951240,Solenoid Modulator Valve,4360,5890,87083000,divya,Leypart
4721951320,Solenoid Modulator Valve,4330,5850,87083000,divya,Leypart
4721951330,Solenoid Modulator Valve,4530,6120,87083000,divya,Leypart
4721951360,SOLENOID MODULATOR VALVE,5000,6750,87083000,divya,Leypart
4725000090,Front Axle Package,17990,24290,87083000,divya,Leypart
4728909242,Kit: Seal,24810,33500,Not Found,divya,Leypart
4728909262,Kit: Seal,9080,12260,Not Found,divya,Leypart
4728909272,Kit: Solenoid Valve,24810,33500,Not Found,divya,Leypart
4728909282,Kit: Solenoid Valve,28820,38910,Not Found,divya,Leypart
4728909292,Kit: Valve Solenoid,31600,42660,Not Found,divya,Leypart
4729059202,Kit: Upper Part,36140,48790,Not Found,divya,Leypart
4729059212,Kit: Upper Part,36140,48790,Not Found,divya,Leypart
4729100044,PLUG,160,220,Not Found,divya,Leypart
4729100380,BEARING BRACKET,2140,2890,Not Found,divya,Leypart
4729100390,TOP BRUSH ASSEMBLY,3650,4930,Not Found,divya,Leypart
4729100404,Rubber beading,2610,3530,40169390,divya,Leypart
4729100562,BOTTOM BRACKET ASSEMBLY,1750,2370,Not Found,divya,Leypart
4729100602,Lock,12380,16720,85444999,divya,Leypart
4729101034,RUBBER BEADING,1050,1420,40169390,divya,Leypart
4729101664,Protection Cover top,1100,1490,Not Found,divya,Leypart
4729102712,Kit: Sealing Ring,7170,9680,Not Found,divya,Leypart
4729102752,Protection Cover,2230,3020,87083000,divya,Leypart
4729110504,Rubber Beading,2740,3700,Not Found,divya,Leypart
4729111572,MTS2 Valve Assembly,9360,12640,87083000,divya,Leypart
4729111854,Clevis Pin,170,230,84123100,divya,Leypart
4729112780,5/2 Directional Control Valve,2220,3000,Not Found,divya,Leypart
4729112920,Door Control System assembly,21940,29620,Not Found,divya,Leypart
4729112930,Door Control System assembly,25570,34520,Not Found,divya,Leypart
4729112940,Door Control System assembly,25790,34820,Not Found,divya,Leypart
4729112950,Door Control System assembly,19090,25780,Not Found,divya,Leypart
4729112960,Door Control System assembly,23860,32220,Not Found,divya,Leypart
4729112970,Door Control System assembly,9280,12530,Not Found,divya,Leypart
4729112980,Door Control System assembly,26200,35370,Not Found,divya,Leypart
4729112990,Door Control System assembly,21510,29040,Not Found,divya,Leypart
4729113010,Door Control System assembly,21540,29080,Not Found,divya,Leypart
4729113060,Wiring Harness-Obstacle Sensing,2440,3300,85443000,divya,Leypart
4729113070,Wiring Harness-Double Door Obstacle sens,3440,4650,85443000,divya,Leypart
4729113080,Wiring Harness-Without Obstacle sensing,2220,3000,85443000,divya,Leypart
4730170090,Anti Compounding Relay Valve,4790,6470,87083000,divya,Leypart
4730170250,RELAY VALVE - MTBL,3080,4160,87083000,divya,Leypart
4730170270,R14-Relay Valve,3730,5040,87083000,divya,Leypart
4730170280,"RELAY VALVE, ANTI-COMPOUNDING",3340,4510,87083000,divya,Leypart
4730170360,"Relay Valve, Anti-Compounding",2460,3330,Not Found,divya,Leypart
4730170370,"Relay Valve, Anti-Compounding",3790,5120,87083000,divya,Leypart
4730170410,"Relay Valve, Anti-Compound",3630,4910,87083000,divya,Leypart
4731000010,TRAILER CONTROL VALVE,10440,14100,87083000,divya,Leypart
4735000010,QUICK RELEASE VALVE,1350,1830,87083000,divya,Leypart
4735000020,QUICK RELEASE VALVE,1320,1790,87083000,divya,Leypart
4735000030,QUICK RELEASE VALVE,1350,1830,87083000,divya,Leypart
4735000040,QRV,1280,1730,87083000,divya,Leypart
4735000140,QUICK RELEASE VALVE,450,610,87083000,divya,Leypart
4735000150,QRV,700,950,87083000,divya,Leypart
4750010030,PRESSURE REDUCTION VALVE,1380,1870,87083000,divya,Leypart
4750010040,PRV,1780,2410,87083000,divya,Leypart
4750010050,PRESSURE REDUCING VALVE,1330,1800,87083000,divya,Leypart
4750010070,Pressure Reduction Valve,1780,2410,87083000,divya,Leypart
4750010080,Pressure Reduction Valve,1430,1940,87083000,divya,Leypart
4750010120,Pressure Limiting Valve,1510,2040,84812000,divya,Leypart
4750010220,Pressure Reduction Valve with Master Bra,1280,1730,Not Found,divya,Leypart
4750019202,Kit: Ring,180,250,Not Found,divya,Leypart
4750100490,Pressure Limiting Valve,1150,1560,Not Found,divya,Leypart
4750150780,Pressure Limiting valve,5000,6750,87083000,divya,Leypart
4750150800,PRESSURE LIMITING VALVE,4950,6690,87083000,divya,Leypart
4757100820,LOAD SENSING VALVE,12260,16560,87083000,divya,Leypart
4758000040,AUTOMATIC LOAD SENSING VALVE,9740,13150,87083000,divya,Leypart
4758000050,AUTOMATIC LOAD SENSING VALVE,6330,8550,87083000,divya,Leypart
4758000070,AUTOMATIC LOAD SENSING VALVE,6420,8670,87083000,divya,Leypart
4758000080,AUTOMATIC LOAD SENSING VALVE,4850,6550,87083000,divya,Leypart
4758000280,ALSV,6010,8120,87083000,divya,Leypart
4758000290,AUTOMATIC LOAD SENSING VALVE,5840,7890,87083000,divya,Leypart
4758000490,Load Sensing Valve,8800,11880,87083000,divya,Leypart
4758000520,Load Sensing Valve,8200,11070,84213920,divya,Leypart
4758009212,Kit: Diaphragm + Valve,510,690,Not Found,divya,Leypart
4758009242,Kit: Diaphragm + Valve,750,1020,Not Found,divya,Leypart
4784071510,Modulator,47850,64600,87083000,divya,Leypart
5722600010,MAGNETIC VALVE,1440,1950,87083000,divya,Leypart
5722600020,Air Magnetic Valve with Bracket 12V,1830,2480,87083000,divya,Leypart
5722600240,MTBL Solenoid Valve,2510,3390,87083000,divya,Leypart
5722600320,Solenoid Valve,1410,1910,87083000,divya,Leypart
5722600590,SOLENOID VALVE,1670,2260,87083000,divya,Leypart
5722600750,SOLENOID VALVE,1430,1940,87083000,divya,Leypart
5724600000,MAGNETIC VALVE,1430,1940,87083000,divya,Leypart
6401757102,Lever,8840,11940,Not Found,divya,Leypart
6402250062,REPAIR KIT,15890,21460,87083000,divya,Leypart
6621756194,Rotor - Machined,14790,19970,87083000,divya,Leypart
6622256264,Brake Disc PAN22-1,17560,23710,Not Found,divya,Leypart
6629050014,Brake Disc,11800,15930,Not Found,divya,Leypart
6629050024,Brake Disc,12620,17040,Not Found,divya,Leypart
6629050034,Brake Disc,12210,16490,Not Found,divya,Leypart
6629050044,Brake Disc,8370,11300,Not Found,divya,Leypart
6629050054,Brake Disc,11800,15930,Not Found,divya,Leypart
6629050064,Brake Disc,12210,16490,Not Found,divya,Leypart
6629050074,Brake Disc,13450,18160,Not Found,divya,Leypart
6629050084,Brake Disc,14410,19460,Not Found,divya,Leypart
6629050094,Brake Disc,13580,18340,Not Found,divya,Leypart
6629050104,Brake Disc,11660,15750,Not Found,divya,Leypart
6629050114,Brake Disc,10150,13710,Not Found,divya,Leypart
6629050124,Brake Disc,10290,13900,Not Found,divya,Leypart
6629050134,Brake Disc,14410,19460,Not Found,divya,Leypart
8101610124,Mounting bush mounting bolt - Compressor,230,320,82074090,divya,Leypart
8107070644,Rolling bearing DIN625-6206,1960,2650,Not Found,divya,Leypart
8840162020,AIR DRYER,8290,11200,87083000,divya,Leypart
8912000264,"Hexagon Head Screw, full thread",40,60,Not Found,divya,Leypart
8914900134,CLAMP RING BOLT,30,50,87083000,divya,Leypart
8914900634,Lubricating Nipple,140,190,87089900,divya,Leypart
8914900694,"Screw, special type",80,110,Not Found,divya,Leypart
8915000174,Hexagon Nut,20,30,Not Found,divya,Leypart
8919900044,CLAMP RING NUT,20,30,87083000,divya,Leypart
8919900074,Locking nut,40,60,Not Found,divya,Leypart
8919900104,Wind Off nut,50,70,87083000,divya,Leypart
8920100084,Pin,70,100,87089900,divya,Leypart
8930000570,ADAPTER FITTING ASSEMBLY,790,1070,87083000,divya,Leypart
8930000724,Tee Fitting,400,540,87083000,divya,Leypart
8930000744,UNION NUT,40,60,87083000,divya,Leypart
8931200234,Hose Adaptor,40,60,87089900,divya,Leypart
8932400074,Adaptor,140,190,87089900,divya,Leypart
8932400094,Adaptor,140,190,Not Found,divya,Leypart
8932400144,"Adapter, inside/outside thread",140,190,Not Found,divya,Leypart
8932400184,"Adapter, inside/outside thread",120,170,87083000,divya,Leypart
8932400194,"Adapter, inside/outside thread",160,220,87083000,divya,Leypart
8932400224,"Adapter, inside/outside thread",250,340,Not Found,divya,Leypart
8932401094,Adaptor,620,840,87083000,divya,Leypart
8932800094,Plug,40,60,Not Found,divya,Leypart
8934018164,Adapter,1220,1650,87089900,divya,Leypart
8938900164,Voss Adaptor,240,330,87083000,divya,Leypart
8940400032,Switch,1780,2410,87083000,divya,Leypart
8940400052,Switch,1970,2660,87083000,divya,Leypart
8945010014,Clamping Bush,120,170,84213920,divya,Leypart
8946000422,Electrical Assembly,390,530,87083000,divya,Leypart
8950100464,Spring Washer,10,20,Not Found,divya,Leypart
8950800002,Ball Socket Assembly,1380,1870,Not Found,divya,Leypart
8951800004,SPECIAL WASHER,30,50,87083000,divya,Leypart
8951800024,WASHER,40,60,87083000,divya,Leypart
8951800034,SPECIAL WASHER,20,30,87083000,divya,Leypart
8958000152,Fork,480,650,87083000,divya,Leypart
8958208862,Ball Joint,300,410,Not Found,divya,Leypart
8959000144,Pole Wheel,2430,3290,Not Found,divya,Leypart
8959000214,Pole wheel,2670,3610,87083000,divya,Leypart
8959000254,Pole wheel,1900,2570,87083000,divya,Leypart
8959000284,Pole Wheel,3180,4300,Not Found,divya,Leypart
8959000314,Pole wheel (Machining),2480,3350,87083000,divya,Leypart
8959000344,Pole wheel (Machining),3200,4320,87083000,divya,Leypart
8959000354,Pole wheel (Machining),3150,4260,87083000,divya,Leypart
8959000364,Pole wheel (Machining),3120,4220,87083000,divya,Leypart
8959000374,Pole wheel (Machining),3180,4300,87083000,divya,Leypart
8960000254,Cylindrical Compression Spring,30,50,Not Found,divya,Leypart
8960500154,SPRING,190,260,87083000,divya,Leypart
8960701574,SPRING,110,150,87083000,divya,Leypart
8961301244,SPRING PART,6080,8210,40169390,divya,Leypart
8961700004,Extension Spring,40,60,87083000,divya,Leypart
8971200054,DIAPHRAGM,410,560,40169990,divya,Leypart
8971200064,Diaphragm,700,950,Not Found,divya,Leypart
8971200214,Diaphragm,290,400,Not Found,divya,Leypart
8971200234,Diaphragm,400,540,40169320,divya,Leypart
8977729084,O-Ring Flange,200,270,87083000,divya,Leypart
8979801104,"O-Ring, dynamical",20,30,40169320,divya,Leypart
8979803614,"O-Ring, statical",30,50,84213920,divya,Leypart
8979803984,"O-Ring, Static 48,5x2.5",80,110,40169320,divya,Leypart
8979806124,O-Ring,10,20,Not Found,divya,Leypart
9111535540,"One-Cyl.Compressor 318cc,flangemounted",33710,45510,Not Found,divya,Leypart
9111536034,FLANGE,1780,2410,87083000,divya,Leypart
9111536074,Flange,810,1100,84213920,divya,Leypart
9111537342,Connecting Rod Assy,2510,3390,87083000,divya,Leypart
9111539380,Single Cylinder Compressor,52210,70490,87083000,divya,Leypart
9111539472,Kit: Crankcase,12010,16220,87083000,divya,Leypart
9111556604,COVER,1360,1840,87083000,divya,Leypart
9111556944,CrankShaft Machined,7900,10670,87083000,divya,Leypart
9111556954,Crank Shaft,6660,9000,87083000,divya,Leypart
9111558042,Cylinder Head assy,5730,7740,87083000,divya,Leypart
9111558062,Manifold,1230,1670,87083000,divya,Leypart
9120002024,Bush,330,450,Not Found,divya,Leypart
9120003404,Adapter,380,520,87083000,divya,Leypart
9120005012,Pressure valve,890,1210,84818030,divya,Leypart
9120006232,Piston,4250,5740,84099914,divya,Leypart
9120007452,Connecting rod,1060,1440,87083000,divya,Leypart
9120016202,Piston,1840,2490,87089300,divya,Leypart
9121100000,Daimler 318 cc Compressor,28550,38550,87083000,divya,Leypart
9121100010,238 cc compressor,18850,25450,87083000,divya,Leypart
9121100020,COMPRESSOR,19060,25740,87083000,divya,Leypart
9121108002,Cylinder Head assy,3760,5080,87083000,divya,Leypart
9121109202,Kit: Piston + Rod,5180,7000,Not Found,divya,Leypart
9121109212,cyl. head kit,7820,10560,87083000,divya,Leypart
9121109222,comp minor kit,4140,5590,87083000,divya,Leypart
9121109232,head kit,7950,10740,87083000,divya,Leypart
9121109242,major kit,10030,13550,87083000,divya,Leypart
9121109262,Kit: Crankcase,11810,15950,87083000,divya,Leypart
9121109272,Kit: Gasket,1210,1640,Not Found,divya,Leypart
9121109282,Kit: Valve,2040,2760,Not Found,divya,Leypart
9121109292,Kit: Gasket,1320,1790,Not Found,divya,Leypart
9121400130,Single Cyl. Compressor,65780,88810,87083000,divya,Leypart
9121400192,Crankcase Assy,21890,29560,87083000,divya,Leypart
9121400320,Compressor - 318CC,24780,33460,87083000,divya,Leypart
9121400500,Compressor,24690,33340,87083000,divya,Leypart
9121400580,Compressor,36610,49430,87083000,divya,Leypart
9121407302,CONNECTING ROD,4110,5550,87083000,divya,Leypart
9121409222,Kit: Crankcase,12040,16260,87083000,divya,Leypart
9121409232,Kit: Crankcase,11980,16180,87083000,divya,Leypart
9121409242,Kit: Gasket,2250,3040,Not Found,divya,Leypart
9121409262,Kit: Overhaul,3150,4260,Not Found,divya,Leypart
9121409272,Kit: Overhaul,1890,2560,Not Found,divya,Leypart
9121409302,Kit: Cylinder Head,7380,9970,Not Found,divya,Leypart
9121409312,Kit: Crankshaft,4220,5700,Not Found,divya,Leypart
9121409332,Kit: Crankshaft,5370,7250,Not Found,divya,Leypart
9121409342,Kit: Cylinder Head,5240,7080,Not Found,divya,Leypart
9121700010,One-Cylinder Compressor,26240,35430,87083000,divya,Leypart
9121700030,Compressor,30280,40880,87083000,divya,Leypart
9121700040,Compressor Assembly,26590,35900,87083000,divya,Leypart
9121700050,Compressor,26450,35710,76169990,divya,Leypart
9121700060,Compressor Assembly,23900,32270,Not Found,divya,Leypart
9121700142,Crankcase assembly,7460,10080,87083000,divya,Leypart
9121709202,Comp head assy,7380,9970,87083000,divya,Leypart
9121709212,Comp repair kit,360,490,87083000,divya,Leypart
9121709222,Comp repair kit,5450,7360,87083000,divya,Leypart
9121709232,Comp head rep kit,5410,7310,87083000,divya,Leypart
9121709242,Comp hd repair kit,4780,6460,87083000,divya,Leypart
9121709252,Comp repair kit,410,560,87083000,divya,Leypart
9121709262,Kit: Crankcase,11450,15460,87083000,divya,Leypart
9121709272,Kit: Cylinder Head,4930,6660,Not Found,divya,Leypart
9121709282,Kit: Gasket,1190,1610,Not Found,divya,Leypart
9121709292,Kit: Valve,2010,2720,Not Found,divya,Leypart
9121709302,Kit: Piston + Rod,3820,5160,Not Found,divya,Leypart
9121709312,Kit: Crankshaft,4130,5580,Not Found,divya,Leypart
9121709322,Kit: Crankcase,11250,15190,Not Found,divya,Leypart
9121709332,Kit: Overhaul,3640,4920,Not Found,divya,Leypart
9121790000,Single Cylinder Compressor,31400,42390,87083000,divya,Leypart
9121790010,Compressor,17980,24280,87083000,divya,Leypart
9121790020,Compressor,16100,21740,Not Found,divya,Leypart
9121790040,Compressor Assembly,25570,34520,87083000,divya,Leypart
9121796522,Cylinder Head assembly,4260,5760,Not Found,divya,Leypart
9121798002,Cylinder Head assy,6450,8710,87083000,divya,Leypart
9121799212,Comp hd repair kit,1590,2150,87083000,divya,Leypart
9121799242,comp major kit,5260,7110,87083000,divya,Leypart
9121799252,Cyl head kit,1890,2560,87083000,divya,Leypart
9121799282,Kit: Cylinder Head,5750,7770,Not Found,divya,Leypart
9121799292,Kit: Crankcase,11420,15420,87083000,divya,Leypart
9122189252,Kit: Gasket,500,680,Not Found,divya,Leypart
9122408022,Cylinder head Assembly,12980,17530,84149090,divya,Leypart
9122409202,Kit: Piston + Rod,17130,23130,Not Found,divya,Leypart
9122409212,ONe Cylinder compressor repair kit-2,11590,15650,87083000,divya,Leypart
9122409222,Kit: Cylinder Head,12900,17420,Not Found,divya,Leypart
9122409232,One Cylinder compressor repair kit-4,310,420,87083000,divya,Leypart
9122409242,Kit: Cylinder Head,15310,20670,Not Found,divya,Leypart
9125129432,Kit: Gasket,7050,9520,Not Found,divya,Leypart
9125129492,Kit: Clutch,30230,40820,Not Found,divya,Leypart
9125189322,Kit : gasket,12550,16950,Not Found,divya,Leypart
9127109202,Kit: Valve,10950,14790,Not Found,divya,Leypart
9127109222,Kit: Gasket,7480,10100,Not Found,divya,Leypart
9127109232,Kit: Piston + Rod,26890,36310,Not Found,divya,Leypart
9127189232,Kit: Cylinder Head,21670,29260,Not Found,divya,Leypart
9127189242,Kit: Gasket,11530,15570,Not Found,divya,Leypart
9129050032,kit: Cylinder Head,3010,4070,Not Found,divya,Leypart
9129056004,Flange,1810,2450,Not Found,divya,Leypart
9129056064,Rear End Cover Machining,1480,2000,87083000,divya,Leypart
9129056094,Front End Cover Machining,1250,1690,87083000,divya,Leypart
9129056104,Flange Machining,1920,2600,Not Found,divya,Leypart
9129056524,Cylinder Cover,1330,1800,87083000,divya,Leypart
9129056534,COVER,1610,2180,87083000,divya,Leypart
9129056904,Crankshaft Machining,1270,1720,Not Found,divya,Leypart
9129056934,Crankshaft,2330,3150,87083000,divya,Leypart
9129058002,CYLINDER HEAD ASSEMBLY,3330,4500,87083000,divya,Leypart
9129058014,Manifold,2390,3230,87083000,divya,Leypart
9129066054,Rear End Cover Machining,1160,1570,87083000,divya,Leypart
9129066064,Front End Covermachining,1910,2580,87083000,divya,Leypart
9129066084,Flange Machining,1230,1670,Not Found,divya,Leypart
9129068072,Cylinder Head Assembly,2410,3260,87083000,divya,Leypart
9129638002,Cylinder Head,4820,6510,87083000,divya,Leypart
9129700020,TCL - 230 cc Compressor,20570,27770,87083000,divya,Leypart
9129700040,160cc Compressor,14940,20170,87083000,divya,Leypart
9129700070,Compressor 160cc WC,14620,19740,87083000,divya,Leypart
9129700090,Belt Driver 230cc Compressor,21060,28440,87083000,divya,Leypart
9129700104,Crank Case Machining,4790,6470,73251000,divya,Leypart
9129700120,160 CC COMPRESSOR,15040,20310,87083000,divya,Leypart
9129700130,160cc without PSP Compressor,10980,14830,87083000,divya,Leypart
9129700140,Compressor 160cc with PSP,12970,17510,87083000,divya,Leypart
9129700170,NLC I W/O PR Compressor,19430,26240,87083000,divya,Leypart
9129700180,NLC I W/O PR Compressor,19430,26240,87083000,divya,Leypart
9129700244,Crankcase Honing,2840,3840,Not Found,divya,Leypart
9129700360,160 CC COMPRESSOR,15610,21080,87083000,divya,Leypart
9129700390,230cc Compressor,20560,27760,87083000,divya,Leypart
9129700490,COMPRESSOR AL,12930,17460,87083000,divya,Leypart
9129700550,230cc belt driven,18910,25530,87083000,divya,Leypart
9129700560,230cc Compressor,20000,27000,87083000,divya,Leypart
9129700570,VECV -230 cc Compressor,20430,27590,87083000,divya,Leypart
9129700610,Compressor,12990,17540,87083000,divya,Leypart
9129700630,Compressor,13470,18190,Not Found,divya,Leypart
9129700650,230cc MTBL Compressor,18730,25290,87083000,divya,Leypart
9129700710,SINGLE CYLINDER COMPRESSOR,17440,23550,87083000,divya,Leypart
9129700730,160 cc Compressor,17930,24210,87083000,divya,Leypart
9129700740,160 CC COMPRESSOR,13410,18110,87083000,divya,Leypart
9129700750,160CC OPR Air Compressor,19500,26330,87083000,divya,Leypart
9129700752,REPAIR KIT,2050,2770,87083000,divya,Leypart
9129700760,Compressor Assembly,14060,18990,87083000,divya,Leypart
9129700762,Kit: Valve Plate,1110,1500,Not Found,divya,Leypart
9129700790,230CC COMPRESSOR,16490,22270,87083000,divya,Leypart
9129700892,Repair Kit for Piston Assy,3120,4220,87083000,divya,Leypart
9129700902,Head Repair Kit,2550,3450,87083000,divya,Leypart
9129700912,Head Kit Major,8210,11090,87083000,divya,Leypart
9129700922,Comp 160CC Gasket & Sealing Ring Kit,680,920,87083000,divya,Leypart
9129700932,Compressor 160CC Major Overhaul Kit,8550,11550,87083000,divya,Leypart
9129700942,Crank Case & Piston Assembly Repair Kit,3150,4260,87083000,divya,Leypart
9129700972,Compressor 160CC GasketnSealing Ring Kit,1220,1650,87083000,divya,Leypart
9129700982,Kit: Cylinder Head,7000,9450,Not Found,divya,Leypart
9129701032,Comp repair kit,330,450,87083000,divya,Leypart
9129701052,Comp repair kit,1860,2520,87083000,divya,Leypart
9129701062,Comp repair kit,2590,3500,87083000,divya,Leypart
9129701072,Repair kit,630,860,87083000,divya,Leypart
9129701082,Comp repair kit,2890,3910,87083000,divya,Leypart
9129701092,crankcase kit,2810,3800,87083000,divya,Leypart
9129701162,Kit: Valve Plate,2630,3560,Not Found,divya,Leypart
9129705044,Valve Plate - Machined,990,1340,73251000,divya,Leypart
9129705094,Reed Valve Suction,1840,2490,Not Found,divya,Leypart
9129706094,End Cover - PDC,2000,2700,87083000,divya,Leypart
9129706104,Stop,100,140,Not Found,divya,Leypart
9129706212,Piston Assembly,1680,2270,87083000,divya,Leypart
9129706272,Piston with Ring Assembly,2060,2790,87083000,divya,Leypart
9129706284,Piston,810,1100,84099990,divya,Leypart
9129706505,Cylinder Head Cover,700,950,87083000,divya,Leypart
9129706594,Cylinder Cover,690,940,87083000,divya,Leypart
9129706682,Cylinder Head assembly,6920,9350,87083000,divya,Leypart
9129708012,Cylinder Head Assy.,6790,9170,87083000,divya,Leypart
9129708022,CYLINDER HEAD,5030,6800,87083000,divya,Leypart
9129708052,Cylinder Head assy,5020,6780,87083000,divya,Leypart
9129708074,Cylinder Head (M/C),1770,2390,87083000,divya,Leypart
9129709002,Kit: Gasket,700,950,Not Found,divya,Leypart
9129709012,Kit: Valve Plate,1300,1760,Not Found,divya,Leypart
9129709022,Kit: Piston + Rod,1260,1710,Not Found,divya,Leypart
9129709292,Kit: Cylinder Head_160CC_SCC,1650,2230,87083000,divya,Leypart
9129709302,Kit: Gasket,480,650,87089300,divya,Leypart
9129709322,Kit: Valve Plate,2350,3180,87083000,divya,Leypart
9129709332,Kit: Cylinder Head,4140,5590,87083000,divya,Leypart
9129709342,Kit: Cylinder Head,3280,4430,87083000,divya,Leypart
9129709382,Kit: Cylinder Head,4430,5990,87089300,divya,Leypart
9129709442,Kit: Gasket,910,1230,Not Found,divya,Leypart
9129709452,Kit: Gasket,1020,1380,Not Found,divya,Leypart
9129709542,Kit: Gasket,970,1310,Not Found,divya,Leypart
9140300480,Vacuum Pump,2950,3990,87083000,divya,Leypart
9140300840,"Vacuum Pump, Single-Vane",2970,4010,87083000,divya,Leypart
9140300850,"Vacuum Pump, Single-Vane",3130,4230,87083000,divya,Leypart
9140300890,"Vacuum Pump, Rotary Type",4500,6080,87083000,divya,Leypart
9149051494,SEAL,160,220,87083000,divya,Leypart
9253000270,TY20/24 SBA VECV,8310,11220,87083000,divya,Leypart
9253000330,Spring Brake Actuator,6810,9200,Not Found,divya,Leypart
9253000350,Spring brake actuator ty20/24,8180,11050,87083000,divya,Leypart
9253000360,Spring brake actuator ty20/24,8010,10820,87083000,divya,Leypart
9253009202,Kit: Diaphragm + Boot,840,1140,Not Found,divya,Leypart
9253009212,Kit: Diaphragm,880,1190,Not Found,divya,Leypart
9253010020,Spring Brake Actuator - Type 24/75 LH,8350,11280,87083000,divya,Leypart
9253010030,Spring Brake Actuator Ty 24/24,9680,13070,87083000,divya,Leypart
9253010040,Spring Brake Actuator - Type 2,7960,10750,87083000,divya,Leypart
9253010060,Spring Brake Actuator(24/24),9200,12420,87083000,divya,Leypart
9253010242,Cylinder,1800,2430,87083000,divya,Leypart
9253010480,Tristop Cylinder 24/24,9290,12550,Not Found,divya,Leypart
9253019212,Kit: Spring Brake Actuator,3540,4780,87083000,divya,Leypart
9253019222,Kit: Spring Brake Actuator,3600,4860,87083000,divya,Leypart
9253019232,Kit: Spring Brake Actuator,3600,4860,87083000,divya,Leypart
9253020232,Cylinder,1200,1620,87083000,divya,Leypart
9253020340,T3024 SBA,8490,11470,87083000,divya,Leypart
9253023330,T3024 SBA,6690,9040,87169010,divya,Leypart
9253024440,T3024 Spring Brake Actuator,6550,8850,87169010,divya,Leypart
9253029222,Kit: Diaphragm + Seal,1450,1960,Not Found,divya,Leypart
9253040130,SBA Ty 16 / 16,7630,10310,Not Found,divya,Leypart
9253040180,Spring Brake Actuator Ty 16/24,8040,10860,87083000,divya,Leypart
9253040190,SPRING BRAKE ACTUATOR (TY 16/24)-RH,6930,9360,87083000,divya,Leypart
9253040280,Type 16/16 Spring Brake Actuator (LH),8320,11240,87083000,divya,Leypart
9253040290,Type 16/16 Spring Brake Actuator (RH),8320,11240,87083000,divya,Leypart
9253040440,T1616 SBA for TML,7770,10490,87083000,divya,Leypart
9253040460,Ty 16/16 SBA (TML),7230,9770,87083000,divya,Leypart
9253040510,TY16/16 SBA,7550,10200,87083000,divya,Leypart
9253040530,Type 16/16 SBA,7380,9970,87083000,divya,Leypart
9253040620,SBA Sub Assy,3630,4910,87083000,divya,Leypart
9253040710,TY16/24 SBA 350mm,7480,10100,87083000,divya,Leypart
9253040730,TY 16/24 SBA M&M,6620,8940,87083000,divya,Leypart
9253045550,TY 16/16 SBA VECV,8820,11910,87083000,divya,Leypart
9253049222,Kit: Diaphragm + Hose,720,980,Not Found,divya,Leypart
9253049252,Kit: Diaphragm + Hose,1190,1610,Not Found,divya,Leypart
9253049262,Kit: Diaphragm + Boot,1040,1410,Not Found,divya,Leypart
9253049272,Kit: Diaphragm + Boot,720,980,Not Found,divya,Leypart
9253049282,Kit: Diaphragm + Boot,530,720,Not Found,divya,Leypart
9253049322,Kit: Diaphragm,970,1310,Not Found,divya,Leypart
9253060092,Kit: Diaphragm + Seal,730,990,Not Found,divya,Leypart
9253060150,T1416 SBA,7530,10170,87083000,divya,Leypart
9253069202,Kit: Diaphragm + Seal,1300,1760,Not Found,divya,Leypart
9253209212,Kit: Diaphragm,660,900,Not Found,divya,Leypart
9254550030,Ty 12/12 SBA,8430,11390,87083000,divya,Leypart
9254550040,SBA ty 12/12,7000,9450,87083000,divya,Leypart
9254550120,Type 12/12 SBA V & Type 12/12 SBA V+M,8150,11010,87083000,divya,Leypart
9254550240,Spring Brake Actuator,7770,10490,Not Found,divya,Leypart
9254559202,Kit: Spring Brake Actuator,3610,4880,87083000,divya,Leypart
9254559212,Kit: Diaphragm,540,730,Not Found,divya,Leypart
9254900040,SBA 20/24,8940,12070,87083000,divya,Leypart
9254900070,Ty 20/24 SBA,8630,11660,87083000,divya,Leypart
9254900130,Ty 20/24 SBA,6980,9430,87083000,divya,Leypart
9254900140,Ty 20/24 SBA,7940,10720,87083000,divya,Leypart
9254900170,spring type actuator 20/24,4160,5620,87089300,divya,Leypart
9254900240,Spring Brake Actuator TYPE 20/24,4160,5620,87089300,divya,Leypart
9254900310,T2024 64mm ST 72mm SO,10490,14170,87083000,divya,Leypart
9254900320,T2024 64mm ST 72mm SO,10490,14170,87083000,divya,Leypart
9254900330,Spring Brake Actuator - Type 20/24,5690,7690,84213920,divya,Leypart
9254900352,Reapir kit,820,1110,87083000,divya,Leypart
9254910080,Tristop Cylinder 24/24 - SBA,10950,14790,87083000,divya,Leypart
9254910170,Tristop Cylinder 24/24 - SBA,9590,12950,Not Found,divya,Leypart
9254910370,SPRING BRAKE ACTUATOR TYPE 24/24,8410,11360,87083000,divya,Leypart
9254910470,Type 24/24 Spring Brake Actuator,8260,11160,87083000,divya,Leypart
9254910480,TY 24/24 SBA WORLD TRUCK,9000,12150,87083000,divya,Leypart
9254910520,Type 24/24 VE with 300mm Standout,9550,12900,87083000,divya,Leypart
9254910650,Type 24/24 VE SBA,7700,10400,87083000,divya,Leypart
9254910660,Type 24/24 SBA,8460,11430,87083000,divya,Leypart
9254910720,Type 24/24 VE SBA with Voss to AL (RH),9030,12200,87083000,divya,Leypart
9254910730,Type 24/24 VE SBA with Voss to AL (LH),10100,13640,87083000,divya,Leypart
9254910750,Type 24/24 VE with 300mm Standout,8750,11820,87083000,divya,Leypart
9254910760,Tristop Cylinder 24/24 - SBA,9030,12200,87083000,divya,Leypart
9254910850,SBA Ty 24/24 75mm,9810,13250,87083000,divya,Leypart
9254911020,SBA Sub Assy,3630,4910,87083000,divya,Leypart
9254911530,Type 24/24 VE Assy,7090,9580,87083000,divya,Leypart
9254911540,Type 24/24 VE Assy,7730,10440,87083000,divya,Leypart
9254911550,Type 24/24 VE Assy,7790,10520,87083000,divya,Leypart
9254911560,Type 24/24 VE Assy,7490,10120,87083000,divya,Leypart
9254911650,TY24/24 SBA,9950,13440,87083000,divya,Leypart
9254911830,TY 24/24 SBA LH MTBL,7750,10470,87083000,divya,Leypart
9254911840,TY24/24 SBA MTBL,7750,10470,87083000,divya,Leypart
9254911930,Spring Brake Actuator,10780,14560,Not Found,divya,Leypart
9254911940,Spring Brake Actuator,10780,14560,Not Found,divya,Leypart
9254911982,Piston,920,1250,87089900,divya,Leypart
9254912504,Plate,150,210,Not Found,divya,Leypart
9254912514,DIAPHRAGM,20,30,40169990,divya,Leypart
9254912550,T24242 SBA VECV PRO8000,8280,11180,87083000,divya,Leypart
9254912604,Guide Ring,70,100,Not Found,divya,Leypart
9254912752,Kit: Diaphragm + Check Valve,1170,1580,Not Found,divya,Leypart
9254912772,Kit: Diaphragm + CutOff Valve,1180,1600,Not Found,divya,Leypart
9254912952,SBA repair kit,480,650,40169990,divya,Leypart
9254913430,T2424 64mm ST 200mm SO,12160,16420,87083000,divya,Leypart
9254913440,T2424 64mm ST 200mm SO,12330,16650,87083000,divya,Leypart
9254913470,Type 24/24 SBA,10170,13730,87083000,divya,Leypart
9254913480,SBA Type 24/24,11130,15030,87083000,divya,Leypart
9254913520,Spring Brake Actuator Type-24/24,19790,26720,87083000,divya,Leypart
9254913530,Spring Brake Actuator Type-24/24,9680,13070,87083000,divya,Leypart
9254913610,SBA TYPE 24/24,12730,17190,87083000,divya,Leypart
9254913660,SPRING BRAKE ACTUATOR,7610,10280,87083000,divya,Leypart
9254913670,SPRING BRAKE ACTUATOR,7320,9890,87083000,divya,Leypart
9254913682,Reapir kit,1540,2080,87083000,divya,Leypart
9254913742,SBA minor kit,1060,1440,87083000,divya,Leypart
9254913770,Spring Brake Actuator Type-24/24,7540,10180,87083000,divya,Leypart
9254913780,Spring Brake Actuator Type-24/24,7320,9890,87083000,divya,Leypart
9254914060,Type 24/24 SBA,10740,14500,87083000,divya,Leypart
9254914140,Spring Brake Actuator,6830,9230,87083000,divya,Leypart
9254914202,FORK ASSEMBLY,230,320,87083000,divya,Leypart
9254914340,SBA TY 24/24,6980,9430,87083000,divya,Leypart
9254914350,Tristop cylinder - Type 24/24_57 mm stro,10420,14070,Not Found,divya,Leypart
9254914430,Spring Brake Actuator Type 24/24,8490,11470,87083000,divya,Leypart
9254915022,Valve unit,410,560,Not Found,divya,Leypart
9254915024,Valve Body,290,400,Not Found,divya,Leypart
9254915080,Spring Brake Actuator Type 24/24,11600,15660,Not Found,divya,Leypart
9254916064,Flange machined,1920,2600,87083000,divya,Leypart
9254916312,PISTON,490,670,87083000,divya,Leypart
9254916692,Cover,1180,1600,87083000,divya,Leypart
9254917392,Wind Off Rod Assy,330,450,87083000,divya,Leypart
9254919292,2/2 Emg cock without Swth,1710,2310,87083000,divya,Leypart
9254919312,Kit: Diaphragm + Seal,990,1340,87083000,divya,Leypart
9254919352,Kit: Diaphragm,1000,1350,Not Found,divya,Leypart
9254919372,Kit: Piston,1230,1670,Not Found,divya,Leypart
9254919382,Kit: Diaphragm + Boot,1170,1580,Not Found,divya,Leypart
9254920250,Type 3030 SBA,11710,15810,87083000,divya,Leypart
9254929242,Kit: Diaphragm,1360,1840,Not Found,divya,Leypart
9254990060,Tristop Cylinder 27/24,14280,19280,87083000,divya,Leypart
9254990240,Ty 27/24 SBA,9480,12800,87083000,divya,Leypart
9254990250,SBA Type 27/24,11520,15560,Not Found,divya,Leypart
9254990940,TYPE 2724 SBA,12850,17350,84213920,divya,Leypart
9254990950,TYPE 2724 SBA,10640,14370,87083000,divya,Leypart
9254991020,SPRING BRAKE ACTUATOR,11230,15170,87083000,divya,Leypart
9254991040,SPRING BRAKE ACTUATOR,18270,24670,87083000,divya,Leypart
9254991050,Spring Brake Actuator,13350,18030,87083000,divya,Leypart
9254991060,T2724 64mm ST 72mm SO,12500,16880,87083000,divya,Leypart
9254991070,T2724 64mm ST 72mm SO,12740,17200,87083000,divya,Leypart
9254991080,T2724 64mm ST 200mm SO,12640,17070,87083000,divya,Leypart
9254991152,SBA Repair kit,1050,1420,40169990,divya,Leypart
9254991232,Kit: Diaphragm + Seal,810,1100,Not Found,divya,Leypart
9254991470,Spring Brake Actuator Ty.27/24,12640,17070,Not Found,divya,Leypart
9254991480,Type 27/24 spring brake actuator (IBV),7960,10750,87083000,divya,Leypart
9254991530,Spring Brake Actuator,9130,12330,87083000,divya,Leypart
9254991610,Tristop Brake Actuator-Type 27/24,12380,16720,87083000,divya,Leypart
9254991620,Tristop Brake Actuator - Type 27/24,12150,16410,Not Found,divya,Leypart
9254991720,Spring Brake Actuator Type 27/24,9580,12940,84213920,divya,Leypart
9254999202,Kit: Diaphragm + Seal,1060,1440,40169990,divya,Leypart
9254999222,Kit: Diaphragm,1200,1620,Not Found,divya,Leypart
9259050232,Cylinder Coated,1670,2260,87083000,divya,Leypart
9259050233,Cylinder,1190,1610,Not Found,divya,Leypart
9259051404,CHECK VALVE,30,50,Not Found,divya,Leypart
9259076372,Piston,2310,3120,Not Found,divya,Leypart
9259076592,Cylinder Cover,1310,1770,87083000,divya,Leypart
9259096322,Ram Assy,1130,1530,87083000,divya,Leypart
9259216512,Cylinder Cover,1010,1370,40169990,divya,Leypart
9259217332,WIND OFF ROD,340,460,73181900,divya,Leypart
9324000540,Air Dryer - 2mm Purge Hole Assy,9110,12300,87083000,divya,Leypart
9324009222,Kit: Screw Holder_AD,80,110,87083000,divya,Leypart
9325000000,APDA Assembly,13850,18700,87083000,divya,Leypart
9325000790,Drying and distribution - Voss,13790,18620,87083000,divya,Leypart
9325000980,Air Processing Unit,28840,38940,87083000,divya,Leypart
9325001160,APDA Assy with E88 Port,14410,19460,87083000,divya,Leypart
9325001220,APU with ASP,23220,31350,87083000,divya,Leypart
9325001280,AIR PROCESSING UNIT,26170,35330,87083000,divya,Leypart
9325001290,APDA -ASP with control port,13570,18320,87083000,divya,Leypart
9325001320,APDA+ASP without control port,13810,18650,87083000,divya,Leypart
9325001470,Air Processing Unit,14190,19160,Not Found,divya,Leypart
9325001510,Air Processing Unit,12920,17450,87083000,divya,Leypart
9325001520,Air Processing Unit,22310,30120,87083000,divya,Leypart
9325001782,Housing Assembly,1360,1840,87083000,divya,Leypart
9325001880,APDA VECV,16600,22410,87083000,divya,Leypart
9325001990,Air Processing and Distribution unit,13060,17640,87083000,divya,Leypart
9325002060,APDA vecv,15570,21020,87083000,divya,Leypart
9325002102,Repair Kit,2160,2920,87083000,divya,Leypart
9325002242,Desiccant cartridgeáAssy,3910,5280,87083000,divya,Leypart
9325002262,Desiccant cartridge,2000,2700,87083000,divya,Leypart
9325002310,Air Processing Unit,14090,19030,87083000,divya,Leypart
9325002320,Air Processing Unit,21760,29380,87083000,divya,Leypart
9325002400,Air Processing Unit,17150,23160,Not Found,divya,Leypart
9325002670,Air Processing Unit,21780,29410,87083000,divya,Leypart
9325002680,Air Processing Unit,16500,22280,Not Found,divya,Leypart
9325003064,Screw Plug,130,180,87083000,divya,Leypart
9325005034,VALVE BODY,910,1230,87083000,divya,Leypart
9325005072,Valve unitááAssy,3520,4760,87083000,divya,Leypart
9325005314,BAFFLE,220,300,87083000,divya,Leypart
9325005564,Governor Housing,210,290,87083000,divya,Leypart
9325005582,Housing Assy,990,1340,87083000,divya,Leypart
9325006564,QSPV-Cover (Machining),580,790,87083000,divya,Leypart
9325008202,Plunger,2650,3580,Not Found,divya,Leypart
9325009222,APU - Major kit,1730,2340,87083000,divya,Leypart
9325009242,Kit: Exhaust Valve,90,130,87083000,divya,Leypart
9325009252,Kit: Seal,260,360,87083000,divya,Leypart
9325009282,Kit: Seal,780,1060,Not Found,divya,Leypart
9325009292,Kit: Cartridge,2740,3700,Not Found,divya,Leypart
9325009302,Kit: Valve,5160,6970,87083000,divya,Leypart
9325009312,Kit: Overhaul ASP,14530,19620,Not Found,divya,Leypart
9325009322,Kit: Overhaul,8790,11870,Not Found,divya,Leypart
9329060034,Body,2300,3110,87089900,divya,Leypart
9340990230,NON RETURN VALVE,890,1210,87083000,divya,Leypart
9340990480,NON RETURN VALVE,1260,1710,87083000,divya,Leypart
9340990490,Check Valve,460,630,Not Found,divya,Leypart
9340990500,Compact NRV,560,760,84213990,divya,Leypart
9341900150,Single Check Valve,340,460,40169990,divya,Leypart
9341990090,DOUBLE CHECK VALVE,1050,1420,87083000,divya,Leypart
9347020060,QSPV,3580,4840,87083000,divya,Leypart
9347020150,QSPV-TML,3420,4620,87083000,divya,Leypart
9347020190,QSPV-DICV,3860,5220,87083000,divya,Leypart
9347020320,Quadraple Circuit protection Valve,4420,5970,87083000,divya,Leypart
9347020350,MNAL QSPV Assembly,3970,5360,87083000,divya,Leypart
9347020360,QSPV-MTBL,3440,4650,87083000,divya,Leypart
9347020390,Quadruple Circuit Protection Valve,4750,6420,87083000,divya,Leypart
9347020730,Quadruple Circuit Protection Valve,3860,5220,87083000,divya,Leypart
9347020780,Quadruple Circuit Protection Valve,4380,5920,87083000,divya,Leypart
9347020790,Quadruple Circuit Protection Valve,3100,4190,Not Found,divya,Leypart
9347020840,QUADRUPLE CIRCUIT PROTECTION VALVE,3830,5180,87083000,divya,Leypart
9347140470,Quadruple System Protection Valve,3140,4240,87083000,divya,Leypart
9347140550,Quadruple Circuit Protection Valve,3130,4230,84213920,divya,Leypart
9347140590,Quadruple Circuit Protection Valve,2730,3690,84213920,divya,Leypart
9347140600,Multiple-Circuit Protection Valve,2970,4010,Not Found,divya,Leypart
9347141540,Quadruple Circuit Protection Valve,4740,6400,87083000,divya,Leypart
9347141630,QCPV,10730,14490,87083000,divya,Leypart
9347149272,QSPV Repair Kit,650,880,87083000,divya,Leypart
9347149292,Kit: Valve,440,600,Not Found,divya,Leypart
9348999202,Kit: Seal,70,100,Not Found,divya,Leypart
9460046210,ECU ABS E Basic 12V KWP,18470,24940,87083000,divya,Leypart
9504150220,Air reservoir,2640,3570,40169990,divya,Leypart
9507300160,Air reservoir,4550,6150,Not Found,divya,Leypart
9507300170,Air reservoir,1500,2030,84213920,divya,Leypart
9507500090,Air Reservoir 30L,3910,5280,Not Found,divya,Leypart
9507500150,Air Reservoir 10 lit,2540,3430,87083000,divya,Leypart
9507500240,Air Reservoir 15L,2550,3450,87083000,divya,Leypart
9507500282,Air Reservoir 15L,4680,6320,Not Found,divya,Leypart
9507502170,Air Reservoir,3800,5130,87083000,divya,Leypart
9509000000,Air Reservoir WITH BRACKET,1330,1800,87083000,divya,Leypart
9509000070,Air reservoir,1610,2180,87083000,divya,Leypart
9509000080,Purge Tank 5 Liters,2320,3140,87083000,divya,Leypart
9509000120,3.4 L purge tank,1360,1840,87083000,divya,Leypart
9509050010,Air Reservoir 40 Lit with Brac,4800,6480,87083000,divya,Leypart
9509400040,Air reservoir,3100,4190,87083000,divya,Leypart
9509400060,Air reservoir,1760,2380,87083000,divya,Leypart
9509400290,Air Reservoir 15L with bracket,5880,7940,Not Found,divya,Leypart
9509700020,Air reservoir,2490,3370,84213920,divya,Leypart
9522000010,PALM COUPLING,910,1230,87083000,divya,Leypart
9522000020,PALM COUPLING,910,1230,87083000,divya,Leypart
9522000040,Hose coupling,2060,2790,Not Found,divya,Leypart
9522000460,Hose Coupling -Trailer,800,1080,87083000,divya,Leypart
9522000570,Hose_Coupling_Trailer_Control,740,1000,87083000,divya,Leypart
9522000580,Hose_Coupling_Trailer_Supply,740,1000,87169010,divya,Leypart
9522001150,Hose Coupling Tractor Control,630,860,Not Found,divya,Leypart
9522001160,Hose Coupling Tractor Supply,630,860,Not Found,divya,Leypart
9611700000,HAND BRAKE VALVE,2800,3780,87083000,divya,Leypart
9611700010,GHCV with Self Return,1760,2380,87083000,divya,Leypart
9611700020,GHCV with Self Return,2490,3370,87083000,divya,Leypart
9611700030,GHCV with Self Return,2460,3330,87083000,divya,Leypart
9611700040,GHCV with Self Return,1760,2380,87083000,divya,Leypart
9611700050,GRADUATED HAND CONTROL VA,1860,2520,87083000,divya,Leypart
9611700060,"Hand Brake Valve, parking",2680,3620,Not Found,divya,Leypart
9611700560,GHCV with Self Return,2160,2920,87083000,divya,Leypart
9611700600,"HAND BRAKE VALVE, TRUCK",2890,3910,87083000,divya,Leypart
9611700750,"Hand Brake Valve, Truck",1870,2530,Not Found,divya,Leypart
9611700780,"Hand Brake Valve, Truck NON SR",2060,2790,87083000,divya,Leypart
9611700790,"Hand Brake Valve, Truck with SR",1880,2540,Not Found,divya,Leypart
9611702212,Cartridge Sub Assy,1000,1350,87083000,divya,Leypart
9617010030,GHCV with bipolar switch,2110,2850,87083000,divya,Leypart
9617241050,"Hand Brake Valve, Parking + add. valve",5110,6900,Not Found,divya,Leypart
9617242050,Hand Brake Valve,9480,12800,87083000,divya,Leypart
9617250000,"Hand Brake Valve, Truck/Trailer",3570,4820,84213920,divya,Leypart
9617250010,GHCV without Trailer Check,3590,4850,87083000,divya,Leypart
9617250030,GHCV - NG,3320,4490,87083000,divya,Leypart
9617250040,GHCV - NG,4350,5880,87083000,divya,Leypart
9617250080,"Hand Brake Valve, Truck/Trailer",3440,4650,Not Found,divya,Leypart
9617250110,GHCV WITH TRAILER CHECK,4230,5720,87083000,divya,Leypart
9617250132,Kit: Valve,360,490,Not Found,divya,Leypart
9617250240,Hand Brake Valve,3210,4340,87083000,divya,Leypart
9617250340,"Hand Brake Valve, Truck/Trailer",4520,6110,Not Found,divya,Leypart
9617251000,GHCV with Trailer Check,4090,5530,87083000,divya,Leypart
9617251010,Hand Brake Valve w/o Trailer Check,4200,5670,87083000,divya,Leypart
9617251020,GHCV - NG,3320,4490,87083000,divya,Leypart
9617259202,Kit: Valve,260,360,Not Found,divya,Leypart
9618990022,DBV kit Valve,1020,1380,Not Found,divya,Leypart
9618990300,Dual Brake Valve with treadle (VOSS),6350,8580,87083000,divya,Leypart
9618990310,Foot Brake Valve,5900,7970,87083000,divya,Leypart
9618990330,Foot Brake Valve,5980,8080,87083000,divya,Leypart
9618990340,Dual Brake Valve with treadle (VOSS),5980,8080,87083000,divya,Leypart
9618990420,VE2100 FBV,8000,10800,87083000,divya,Leypart
9618990470,Foot Brake Valve,5260,7110,87083000,divya,Leypart
9618990480,FOOT BRAKE VALVE,5800,7830,87083000,divya,Leypart
9618999222,Kit: Valve,880,1190,Not Found,divya,Leypart
9619050752,Cam & Lever,260,360,87083000,divya,Leypart
9619051000,Pedal Unit,20430,27590,87083000,divya,Leypart
9619051010,Brake Pedal Unit RHD,18720,25280,87083000,divya,Leypart
9630000020,LEVER CONTROL VALVE,1510,2040,87083000,divya,Leypart
9650010270,Integral Pedal Unit,27500,37130,87083000,divya,Leypart
9650010284,Housing - Machining,5490,7420,87083000,divya,Leypart
9650010371,AL-IPU NGICV Base Assy,19160,25870,Not Found,divya,Leypart
9650010430,Integral Pedal Unit,24130,32580,87083000,divya,Leypart
9650010440,Integral Pedal Unit - TML,25670,34660,87083000,divya,Leypart
9650010490,IPU TML Variant,27080,36560,87083000,divya,Leypart
9650010620,IPU - DICV,22490,30370,87083000,divya,Leypart
9650010700,IPU DICV,25690,34690,87083000,divya,Leypart
9650010730,TML IPU,17590,23750,87083000,divya,Leypart
9650010800,IPU DICV,26290,35500,87083000,divya,Leypart
9650010880,AL BOSS 1616 IPU,28840,38940,87083000,divya,Leypart
9650010930,DICV IPU,48400,65340,87083000,divya,Leypart
9650010950,G45 IPU BSVI,29270,39520,87083000,divya,Leypart
9650011500,Integral pedal unit - G45,24110,32550,87083000,divya,Leypart
9650012100,Pedal Unit,26540,35830,84213920,divya,Leypart
9650012200,Pedal Unit,31380,42370,Not Found,divya,Leypart
9650012570,Pedal Unit + DBV,30900,41720,Not Found,divya,Leypart
9650012622,Repairkit,1040,1410,87083000,divya,Leypart
9650014764,Pedal Cover,190,260,40169990,divya,Leypart
9659055302,Mechanical Switch,530,720,85129000,divya,Leypart
9659055312,Brake switch assembly,1630,2210,87083000,divya,Leypart
9659055344,Switch,1390,1880,87083000,divya,Leypart
9659060564,Rubber Boot,80,110,87083000,divya,Leypart
9659087122,Pedal,2770,3740,87083000,divya,Leypart
9659097192,Clutch Pedal Assembly,2400,3240,40169990,divya,Leypart
9659127102,Pedal assy,3400,4590,87083000,divya,Leypart
9659127112,Pedal assy,1320,1790,87083000,divya,Leypart
9659130162,Brake Pedal assy,3110,4200,87083000,divya,Leypart
9659137132,Pedal,3300,4460,87083000,divya,Leypart
9700510674,Pushrod,200,270,87083000,divya,Leypart
9700512360,Clutch Servo,5780,7810,87083000,divya,Leypart
9700512450,Clutch servo,5160,6970,87083000,divya,Leypart
9700512460,"Clutch servo(4"")",4920,6650,87083000,divya,Leypart
9700512470,"Clutch servo(4"")",5430,7340,87083000,divya,Leypart
9700512480,"Clutch servo(4"")",4900,6620,87083000,divya,Leypart
9700512530,Clutch Servo,7590,10250,87089300,divya,Leypart
9700512720,Clutch Servo-VECV,10560,14260,87083000,divya,Leypart
9700512772,Repair kit,1860,2520,87083000,divya,Leypart
9700512892,Kit: Valve + Piston,1020,1380,Not Found,divya,Leypart
9700512902,Kit: Retaining Ring,180,250,Not Found,divya,Leypart
9700512954,Pushrod,410,560,73181500,divya,Leypart
9700513134,Pushrod,180,250,87089900,divya,Leypart
9700513152,clutch repair kit,1080,1460,87083000,divya,Leypart
9700513202,Repair Kit,1730,2340,87083000,divya,Leypart
9700513232,Kit: Valve + Piston,1350,1830,Not Found,divya,Leypart
9700513242,Kit: Valve + Piston,1440,1950,Not Found,divya,Leypart
9700513362,Clutch servo - Major kit,1600,2160,87089300,divya,Leypart
9700514850,Clutch Servo,4450,6010,Not Found,divya,Leypart
9700514910,"Clutch Servo (DICV 4"" 4 Bolt)",6050,8170,87089300,divya,Leypart
9700514920,Clutch servo,5730,7740,87089300,divya,Leypart
9700514950,Clutch servo,5860,7920,87089300,divya,Leypart
9700514980,Clutch Servo 4inch Bolt to TML,5490,7420,87089300,divya,Leypart
9700515130,4 inch Clutch Servo,5200,7020,87089300,divya,Leypart
9700515140,3'' Clutch Servo with Voss,5440,7350,87089300,divya,Leypart
9700515422,Kit: Valve,680,920,Not Found,divya,Leypart
9700516140,4inch-Clutch Servo(Cust.No.217829100102),5230,7070,87089300,divya,Leypart
9700516160,4 inch Improved Clutch Servo,5410,7310,87089300,divya,Leypart
9700516170,Clutch Booster,5600,7560,87089300,divya,Leypart
9700516190,3inch Clutch Servo with M12X1 Adaptor,5220,7050,87089300,divya,Leypart
9700516200,Clutch servo assembly,5940,8020,87089300,divya,Leypart
9700516230,Clutch Servo,5700,7700,87089300,divya,Leypart
9700516240,Clutch Servo,5710,7710,87083000,divya,Leypart
9700516250,Clutch servo,5130,6930,87089300,divya,Leypart
9700516310,3inch Integrated Clutch Servo,6700,9050,87089300,divya,Leypart
9700516350,4 inch Clutch Servo,5120,6920,87089300,divya,Leypart
9700516400,4 inch Clutch Servo,5680,7670,87089300,divya,Leypart
9700516450,Clutch servo,4120,5570,87089300,divya,Leypart
9700516460,Clutch servo,5610,7580,87089300,divya,Leypart
9700516470,Clutch Servo,4790,6470,87089300,divya,Leypart
9700516480,TML Y1 ULTRA Clutch Servo 4 inch,3650,4930,87083000,divya,Leypart
9700516510,Clutch Servo,4430,5990,87089900,divya,Leypart
9700516520,Clutch Servo,5250,7090,87083000,divya,Leypart
9700516530,Clutch Servo,3650,4930,87083000,divya,Leypart
9700516560,Clutch servo,5980,8080,87089300,divya,Leypart
9700517570,Clutch Servo,4060,5490,87089300,divya,Leypart
9700517580,Clutch Servo,4980,6730,87083000,divya,Leypart
9700517760,Clutch Servo,4840,6540,87083000,divya,Leypart
9700518032,Kit: Seal,660,900,Not Found,divya,Leypart
9700520050,Clutch Servo,7410,10010,Not Found,divya,Leypart
9700520060,Clutch Servo - 3.5 Inch,2830,3830,87089300,divya,Leypart
9700520070,"3"" clutch servo Fork VECV Pro 1110V",5740,7750,87089300,divya,Leypart
9700520080,Clutch servo,2830,3830,Not Found,divya,Leypart
9701500052,Push rod assembly,680,920,87083000,divya,Leypart
9701500064,Pushrod,210,290,Not Found,divya,Leypart
9701500072,Pushrod Assembly,550,750,87083000,divya,Leypart
9701500144,BODY,3680,4970,87083000,divya,Leypart
9701504502,Solenoid valve box,16420,22170,87083000,divya,Leypart
9709000022,Fork with Push Rod,550,750,87083000,divya,Leypart
9709006312,Piston,1130,1530,Not Found,divya,Leypart
9709007364,Push Rod,440,600,Not Found,divya,Leypart
9709064212,Fork,210,290,87083000,divya,Leypart
9709087364,Rod,400,540,87083000,divya,Leypart
9709090124,Pneumatic Body,800,1080,87083000,divya,Leypart
9709090174,Adaptor,250,340,87089900,divya,Leypart
9709127354,Push rod,180,250,87083000,divya,Leypart
9709147364,Push rod,370,500,87083000,divya,Leypart
9709167314,Push Rod,300,410,87089300,divya,Leypart
9709167494,Pushrod,330,450,Not Found,divya,Leypart
9709177384,Push Rod,230,320,Not Found,divya,Leypart
9709177394,Push Rod,310,420,Not Found,divya,Leypart
9709187324,Pushrod,420,570,87083000,divya,Leypart
9718990000,Inversion relayvalve,5390,7280,87083000,divya,Leypart
9718990100,Inversion Relay Valve,5200,7020,87089300,divya,Leypart
9718990110,Inversion Relay Valve,4820,6510,87083000,divya,Leypart
9730150020,INVERSION RELAY VALVE,5760,7780,87083000,divya,Leypart
9732980180,RG2 RELAY VALVE,2750,3720,87083000,divya,Leypart
9732980230,RG2 Assy,2780,3760,87083000,divya,Leypart
9732980240,RG2 - Relay Valve,3130,4230,84814000,divya,Leypart
9732980260,RG2 - Relay Valve,3050,4120,87083000,divya,Leypart
9732980270,RG2 Assy,2430,3290,87083000,divya,Leypart
9732980280,RG2 CRP,2780,3760,87083000,divya,Leypart
9732980290,RG2 - Relay Valve,2180,2950,87083000,divya,Leypart
9732980970,RG2 VALVE,2910,3930,87083000,divya,Leypart
9732980990,RG2,2420,3270,87083000,divya,Leypart
9732981000,RG2 RELAY VALVE,2340,3160,87083000,divya,Leypart
9732981010,RG2 RELAY VALVE,2220,3000,87083000,divya,Leypart
9732981070,RG2 - RELAY VALVE,2900,3920,87083000,divya,Leypart
9732981110,Relay Valve (RG2),3050,4120,87083000,divya,Leypart
9732981230,RG2 RELAY VALVE,2100,2840,87083000,divya,Leypart
9732981320,RG2-One Port Plugged,2810,3800,87083000,divya,Leypart
9732981330,RG2-One Port Plugged,2730,3690,87083000,divya,Leypart
9732981340,RG2 - Relay Valve,3120,4220,87083000,divya,Leypart
9732981350,RG2 Relay Valve,2230,3020,87083000,divya,Leypart
9732981360,R12 RELAY VALVE,3180,4300,84812000,divya,Leypart
9732981440,Relay valve,2110,2850,87169010,divya,Leypart
9732981530,"Relay Valve, RG2",2870,3880,87083000,divya,Leypart
9732981570,RELAY VALVE RG2,1700,2300,85443000,divya,Leypart
9732981630,R12 Relay Valve,3190,4310,87083000,divya,Leypart
9732981640,R12 Relay valve,2850,3850,84812000,divya,Leypart
9732981660,"R12 , RELAY VALVE",3440,4650,84812000,divya,Leypart
9738990000,QUICK RELEASE VALVE,1350,1830,87083000,divya,Leypart
9738990450,Quick Release Valve,1320,1790,84213920,divya,Leypart
9738999212,Kit: Diaphragm + Valve,240,330,Not Found,divya,Leypart
9739090124,RG2 Top Cover - (Machining),880,1190,87083000,divya,Leypart
9760000740,RAVP_RG2_VECV,14240,19230,87083000,divya,Leypart
9760000750,RELAY VALVE PACKAGE,13160,17770,87083000,divya,Leypart
9760000860,R12 Rear axle package,14140,19090,87083000,divya,Leypart
9760000870,R14 Rear axle package,26560,35860,87083000,divya,Leypart
47005311201,master cylinder assembly PDC,1950,2640,87083000,divya,Leypart
10025249L,PRING BRAKE ACTUATOR,7210,9740,Not Found,divya,Leypart
10025250L,SPRING BRAKE ACTUATOR,6180,8350,Not Found,divya,Leypart
10030710L,INVERSION RELAY VALVE,9280,12530,Not Found,divya,Leypart
10060155L,Dual brake valve (VOSS),6950,9390,87083000,divya,Leypart
10060156L,DUAL BRAKE VALVE,6580,8890,87083000,divya,Leypart
10082025L,Slack Adjuster,880,1190,87083000,divya,Leypart
10085073L,UPGRADED TYPE24 BC,3010,4070,87083000,divya,Leypart
10085074L,UPGRADED TYPE24 BC,3010,4070,87083000,divya,Leypart
421429333L,EXHAUST BRAKE ASSEMBLY,8200,11070,Not Found,divya,Leypart
423105026L,BRAKE CHAMBER TYPE 20,2390,3230,Not Found,divya,Leypart
423105027L,Brake Chamber 20,2290,3100,Not Found,divya,Leypart
423106246L,TY24 BRAKE CHAMBER,3080,4160,Not Found,divya,Leypart
423106247L,TY24 BRAKE CHAMBER,2230,3020,Not Found,divya,Leypart
423106316L,BC,2390,3230,Not Found,divya,Leypart
423109065L,BRAKE CHAMBER TY 27,3570,4820,Not Found,divya,Leypart
423109072L,BRAKE CHAMBER TYPE 27,3500,4730,87083000,divya,Leypart
423506087L,TY 24 BRAKE CHAMBER,3060,4140,Not Found,divya,Leypart
423506172L,Brake Chamber Type 24 Disc_57 mm,3440,4650,Not Found,divya,Leypart
434500009L,Double Cut-Off Valve,1050,1420,Not Found,divya,Leypart
461100012L,DUAL BRAKE VALVE,7510,10140,87083000,divya,Leypart
461100066L,DUAL BRAKE VALVE,5750,7770,87083000,divya,Leypart
461100083L,DUAL BRAKE VALVE,6030,8150,87083000,divya,Leypart
461100084L,FBV,7990,10790,Not Found,divya,Leypart
461100087L,FOOT BRAKE VALVE,7240,9780,Not Found,divya,Leypart
461100091L,DUAL BRAKE VALVE,6550,8850,87083000,divya,Leypart
461100097L,FOOT BRAKE VALVE,6130,8280,Not Found,divya,Leypart
461100111L,FOOT BRAKE VALVE,16280,21980,Not Found,divya,Leypart
461100115L,BRAKE VALVE,17700,23900,Not Found,divya,Leypart
461100117L,FOOT BRAKE VALVE,18710,25260,Not Found,divya,Leypart
461100122L,FOOT BRAKE VALVE,6490,8770,Not Found,divya,Leypart
461100129L,Foot Brake Valve,13880,18740,Not Found,divya,Leypart
461100137L,Foot Brake Valve,9950,13440,87083000,divya,Leypart
470053033L,CLUTCH MASTER CYLINDER,2270,3070,Not Found,divya,Leypart
470053053L,CLUTCH MASTER CYLINDER,1810,2450,87089300,divya,Leypart
470053065L,CLUTCH MASTER CYLINDER,1530,2070,87083000,divya,Leypart
470053112L,CLUTCH MASTER CYLINDER,1920,2600,87083000,divya,Leypart
470053133L,CLUTCH MASTER CYLINDER,2340,3160,Not Found,divya,Leypart
473017010L,R14 RELAY VALVE,3790,5120,87083000,divya,Leypart
473017012L,R14 RELAY VALVE,4690,6340,Not Found,divya,Leypart
475001013L,Pressure Reduction Valve,980,1330,Not Found,divya,Leypart
475001018L,Pressure Reduction Valve,1320,1790,87083000,divya,Leypart
475800018L,"Automatic load sensing valve, mech.dyn_",4160,5620,Not Found,divya,Leypart
8840162020N,AIR DRYER,7020,9480,87083000,divya,Leypart
893000056L,TEE_FITTING_ASSEMBLY,870,1180,Not Found,divya,Leypart
893000057L,ADAPTER FITTING ASSEMBLY,790,1070,Not Found,divya,Leypart
925301052L,TY 24/24 SBA,7890,10660,Not Found,divya,Leypart
925304012L,SBA TY 16 / 16,8840,11940,Not Found,divya,Leypart
925304091L,TYPE 16 16 SPRING BRAKE ACTUATOR,7100,9590,Not Found,divya,Leypart
925304092L,TYPE 16 16 SPRING BRAKE ACTUATOR,7160,9670,Not Found,divya,Leypart
925306001L,SPRING BRAKE ACTUATOR TYPE 14/16,8320,11240,Not Found,divya,Leypart
925306002L,SPRING BRAKE ACTUATOR TYPE 14/16,7970,10760,Not Found,divya,Leypart
925306005L,SPRING BRAKE ACTUATOR,6680,9020,Not Found,divya,Leypart
925306006L,SPRING BRAKE ACTUATOR,6680,9020,Not Found,divya,Leypart
925491018L,TRISTOP CYLINDER 24/24 - SBA,8400,11340,Not Found,divya,Leypart
925491083L,TYPE 24/24 VE SBA,8520,11510,Not Found,divya,Leypart
925491387L,SPRING BRAKE ACTUATOR TYP,10280,13880,Not Found,divya,Leypart
925491388L,SPRING BRAKE ACTUATOR TYP,10310,13920,Not Found,divya,Leypart
925491490L,SPRING BRAKE ACTUATOR-TYPE 24/24,8030,10850,Not Found,divya,Leypart
925491491L,TYPE 24/24 SPRING BRAKE ACTUATOR,8030,10850,Not Found,divya,Leypart
925499014L,TYPE 27/24 SBA,10270,13870,Not Found,divya,Leypart
925499023L,TY 27/24 SBA,8770,11840,Not Found,divya,Leypart
925499025L,TY 27/24 SBA,9220,12450,Not Found,divya,Leypart
925499035L,TYPE 27/24 SBA,8870,11980,Not Found,divya,Leypart
925499092L,Piston,8840,11940,87083000,divya,Leypart
925499131L,SPRING BRAKE ACTUATOR,8840,11940,Not Found,divya,Leypart
925499132L,SPRING BRAKE ACTUATOR,8880,11990,Not Found,divya,Leypart
925499133L,SPRING BRAKE ACTUATOR - 27/24,12050,16270,Not Found,divya,Leypart
925499134L,SBA TY27/24,12080,16310,Not Found,divya,Leypart
925499135L,SBA TY27/24,12180,16450,Not Found,divya,Leypart
925499136L,SBA TY27/24,8880,11990,Not Found,divya,Leypart
925499158L,SPRING BRAKE ACTUATOR 27/24,11310,15270,Not Found,divya,Leypart
932500191L,Air Processing and distribution unit,9980,13480,87083000,divya,Leypart
932500196L,Air Processing Unit,13160,17770,Not Found,divya,Leypart
932500228L,Air Processing Unit,10930,14760,Not Found,divya,Leypart
934714046L,QUADRUPLE CIRCUIT PROTECTION VALVE,3220,4350,87083000,divya,Leypart
934714051L,Multiple-Circuit Protection Valve,2830,3830,Not Found,divya,Leypart
961725014L,"Hand Brake Valve, Truck/Trailer",3630,4910,87083000,divya,Leypart
961899036L,FOOT BRAKE VALVE,6930,9360,Not Found,divya,Leypart
961899049L,Foot Brake Valve,7140,9640,Not Found,divya,Leypart
965001037L,Pedal Unit +FBV+clutch control,29710,40110,Not Found,divya,Leypart
965001065L,Pedal Unit +FBV+CLUTCH CONTROL,26180,35350,Not Found,divya,Leypart
970051275L,Clutch Servo,4700,6350,Not Found,divya,Leypart
970051389L,Clutch Servo,4770,6440,87083000,divya,Leypart
970051494L,Clutch Servo,3780,5110,Not Found,divya,Leypart
970051622L,Clutch Servo,3650,4930,87083000,divya,Leypart
970051638L,Clutch Servo,4060,5490,87089300,divya,Leypart
970051644L,Clutch Servo,3650,4930,87083000,divya,Leypart
970051663L,Clutch Servo,3880,5240,Not Found,divya,Leypart
970051664L,Clutch Servo,3950,5340,Not Found,divya,Leypart
970051775L,Clutch Servo,4280,5780,87083000,divya,Leypart
973298122L,RELAY VALVE,3710,5010,Not Found,divya,Leypart
